date,symbol,action,shares,price,value,pnl,reason
2018-03-26,BAFNAPH,BUY,149,26.200000762939453,3903.8001136779785,,
2018-03-26,BATAINDIA,BUY,2,690.4063110351562,1380.8126220703125,,
2018-03-26,BRITANNIA,BUY,4,2149.209716796875,8596.8388671875,,
2018-03-26,BYKE,BUY,34,167.54212951660156,5696.432403564453,,
2018-03-26,CROMPTON,BUY,6,219.61138916015625,1317.6683349609375,,
2018-03-26,CYIENT,BUY,14,542.357177734375,7593.00048828125,,
2018-03-26,EXIDEIND,BUY,27,206.2938537597656,5569.934051513671,,
2018-03-26,FCSSOFT,BUY,16476,0.4000000059604645,6590.400098204613,,
2018-03-26,GODREJCP,BUY,8,685.9507446289062,5487.60595703125,,
2018-03-26,JUBLFOOD,BUY,23,229.88775634765625,5287.418395996094,,
2018-03-26,LICHSGFIN,BUY,1,470.46044921875,470.46044921875,,
2018-03-26,LTTS,BUY,4,1130.0142822265625,4520.05712890625,,
2018-03-26,MARICO,BUY,14,294.0909118652344,4117.272766113281,,
2018-03-26,RADICO,BUY,11,340.1225280761719,3741.3478088378906,,
2018-03-26,SRF,BUY,7,373.6460571289063,2615.522399902344,,
2018-03-26,SYNGENE,BUY,11,288.9897766113281,3178.8875427246094,,
2018-03-26,TITAN,BUY,3,912.9635009765624,2738.890502929687,,
2018-03-27,FCSSOFT,SELL,16476,0.3499999940395355,5766.599901795387,-823.8001964092255,stop_loss
2018-04-02,AARTIIND,BUY,5,274.28936767578125,1371.4468383789062,,
2018-04-02,APLAPOLLO,BUY,2,198.00225830078125,396.0045166015625,,
2018-04-02,APLLTD,BUY,6,492.8130493164063,2956.878295898438,,
2018-04-02,APOLLOTYRE,BUY,9,245.3051605224609,2207.746444702148,,
2018-04-02,ASHOKLEY,BUY,40,63.36239242553711,2534.4956970214844,,
2018-04-02,ASTRAL,BUY,5,410.190185546875,2050.950927734375,,
2018-04-02,AYMSYNTEX,BUY,12,61.70000076293945,740.4000091552734,,
2018-04-02,BAJFINANCE,BUY,7,177.11947631835938,1239.8363342285156,,
2018-04-02,BERGEPAINT,BUY,5,209.8609161376953,1049.3045806884766,,
2018-04-02,BHARATRAS,BUY,1,1117.169189453125,1117.169189453125,,
2018-04-02,BIOCON,BUY,5,295.1645202636719,1475.8226013183594,,
2018-04-02,BRNL,BUY,7,184.4403076171875,1291.0821533203125,,
2018-04-02,CASTROLIND,BUY,10,139.82249450683594,1398.2249450683594,,
2018-04-02,COALINDIA,BUY,9,144.7785186767578,1303.0066680908203,,
2018-04-02,DENORA,BUY,2,430.7968444824219,861.5936889648438,,
2018-04-02,HDFCLIFE,BUY,2,473.2578125,946.515625,,
2018-04-02,IEX,BUY,12,47.5142822265625,570.17138671875,,
2018-04-02,INDHOTEL,BUY,5,128.89060974121094,644.4530487060547,,
2018-04-02,IRB,BUY,27,10.608436584472656,286.4277877807617,,
2018-04-02,JKTYRE,BUY,5,144.79873657226562,723.9936828613281,,
2018-04-02,KEC,BUY,2,372.1735229492188,744.3470458984376,,
2018-04-02,KOTAKBANK,BUY,3,218.16856384277344,654.5056915283203,,
2018-04-02,MANAPPURAM,BUY,2,96.97351837158205,193.9470367431641,,
2018-04-02,MASFIN,BUY,1,191.997314453125,191.997314453125,,
2018-04-02,NESTLEIND,BUY,1,374.26171875,374.26171875,,
2018-04-02,PIDILITIND,BUY,1,452.7124938964844,452.7124938964844,,
2018-04-02,TECHM,BUY,1,484.5845947265625,484.5845947265625,,
2018-04-04,TECHM,SELL,1,458.8530883789063,458.8530883789063,-25.731506347656193,stop_loss
2018-04-09,ADANIENT,BUY,1,92.96259307861328,92.96259307861328,,
2018-04-09,AGROPHOS,BUY,12,35.72858810424805,428.74305725097656,,
2018-04-09,ARMANFIN,BUY,1,335.9504089355469,335.9504089355469,,
2018-04-09,BANCOINDIA,BUY,1,66.22722625732422,66.22722625732422,,
2018-04-09,BANKBARODA,BUY,1,135.90286254882812,135.90286254882812,,
2018-04-09,BHAGERIA,BUY,2,138.76719665527344,277.5343933105469,,
2018-04-09,BRNL,SELL,7,186.81317138671875,1307.6921997070312,16.61004638671875,signal
2018-04-09,CENTURYPLY,BUY,1,347.65838623046875,347.65838623046875,,
2018-04-09,CHOLAFIN,BUY,1,300.04510498046875,300.04510498046875,,
2018-04-09,CYIENT,SELL,14,517.009521484375,7238.13330078125,-354.8671875,signal
2018-04-09,DELTACORP,BUY,1,262.6179504394531,262.6179504394531,,
2018-04-09,DIVISLAB,BUY,1,1068.186279296875,1068.186279296875,,
2018-04-09,EDELWEISS,BUY,3,119.72283935546876,359.1685180664063,,
2018-04-09,ELECTHERM,BUY,3,164.14999389648438,492.4499816894531,,
2018-04-09,ELGIEQUIP,BUY,2,136.1812744140625,272.362548828125,,
2018-04-09,ESCORTS,BUY,1,868.0391235351562,868.0391235351562,,
2018-04-09,ESTER,BUY,11,69.38727569580078,763.2600326538086,,
2018-04-09,FCSSOFT,BUY,1877,0.4000000059604645,750.8000111877918,,
2018-04-09,FORTIS,BUY,3,140.91224670410156,422.7367401123047,,
2018-04-09,ICICIPRULI,BUY,1,390.158203125,390.158203125,,
2018-04-09,INTELLECT,BUY,2,170.6608428955078,341.3216857910156,,
2018-04-09,IPCALAB,BUY,1,327.17510986328125,327.17510986328125,,
2018-04-09,ITC,BUY,1,186.0958404541016,186.0958404541016,,
2018-04-09,JSWSTEEL,BUY,1,282.4190979003906,282.4190979003906,,
2018-04-09,NCC,BUY,2,116.4264144897461,232.8528289794922,,
2018-04-09,PETRONET,BUY,1,167.97030639648438,167.97030639648438,,
2018-04-09,POONAWALLA,BUY,1,156.5005340576172,156.5005340576172,,
2018-04-09,SJVN,BUY,9,22.649873733520508,203.84886360168457,,
2018-04-09,TANLA,BUY,5,35.74494934082031,178.72474670410156,,
2018-04-09,TRENT,BUY,1,362.566650390625,362.566650390625,,
2018-04-09,ZENSARTECH,BUY,1,169.907958984375,169.907958984375,,
2018-04-10,FCSSOFT,SELL,1877,0.3499999940395355,656.9499888122082,-93.85002237558365,stop_loss
2018-04-10,TANLA,SELL,5,33.77943420410156,168.8971710205078,-9.82757568359375,stop_loss
2018-04-12,APLLTD,SELL,6,452.0510559082031,2712.3063354492188,-244.5719604492191,stop_loss
2018-04-12,ADANIENT,SELL,1,85.98171997070312,85.98171997070312,-6.980873107910156,stop_loss
2018-04-13,ESTER,SELL,11,64.75846862792969,712.3431549072266,-50.91687774658203,stop_loss
2018-04-13,SJVN,SELL,9,21.487491607666016,193.38742446899414,-10.46143913269043,stop_loss
2018-04-16,LTTS,SELL,4,1069.8568115234375,4279.42724609375,-240.6298828125,stop_loss
2018-04-16,CENTURYPLY,SELL,1,329.1736755371094,329.1736755371094,-18.484710693359375,stop_loss
2018-04-16,ELECTHERM,SELL,3,155.25,465.75,-26.699981689453125,stop_loss
2018-04-16,ARVIND,BUY,3,143.88369750976562,431.6510925292969,,
2018-04-16,AUROPHARMA,BUY,1,597.9088745117188,597.9088745117188,,
2018-04-16,AXISCADES,BUY,1,171.5,171.5,,
2018-04-16,BBL,BUY,1,765.6852416992188,765.6852416992188,,
2018-04-16,BHARATFORG,BUY,1,695.0083618164062,695.0083618164062,,
2018-04-16,BSOFT,BUY,8,125.57866668701172,1004.6293334960938,,
2018-04-16,CHAMBLFERT,BUY,6,148.16064453125,888.9638671875,,
2018-04-16,COFORGE,BUY,5,165.7727813720703,828.8639068603516,,
2018-04-16,COMPUSOFT,BUY,38,13.515860557556152,513.6027011871338,,
2018-04-16,CROMPTON,SELL,6,210.94683837890625,1265.6810302734375,-51.9873046875,signal
2018-04-16,CUBEXTUB,BUY,9,24.100000381469727,216.90000343322754,,
2018-04-16,DISHTV,BUY,10,79.66604614257812,796.6604614257812,,
2018-04-16,ELGIEQUIP,SELL,2,134.469970703125,268.93994140625,-3.422607421875,signal
2018-04-16,FOCUS,BUY,55,11.95809555053711,657.695255279541,,
2018-04-16,HCLTECH,BUY,1,388.614990234375,388.614990234375,,
2018-04-16,ICICIPRULI,SELL,1,379.2514953613281,379.2514953613281,-10.906707763671875,signal
2018-04-16,MARICO,SELL,14,284.678955078125,3985.50537109375,-131.76739501953125,signal
2018-04-16,MASFIN,SELL,1,191.91786193847656,191.91786193847656,-0.0794525146484375,signal
2018-04-16,MUTHOOTFIN,BUY,2,387.6145324707031,775.2290649414062,,
2018-04-16,M_M,BUY,1,744.7940673828125,744.7940673828125,,
2018-04-16,NTPC,BUY,8,106.38186645507812,851.054931640625,,
2018-04-16,POWERGRID,BUY,11,73.82740783691406,812.1014862060547,,
2018-04-16,SBILIFE,BUY,1,698.0274658203125,698.0274658203125,,
2018-04-16,TATAPOWER,BUY,3,78.71703338623047,236.1511001586914,,
2018-04-16,TECHM,BUY,1,506.0779113769531,506.0779113769531,,
2018-04-16,VIPIND,BUY,1,375.3667602539063,375.3667602539063,,
2018-04-17,COMPUSOFT,SELL,38,12.731069564819336,483.78064346313477,-29.822057723999023,stop_loss
2018-04-18,BANKBARODA,SELL,1,125.57496643066406,125.57496643066406,-10.327896118164062,stop_loss
2018-04-18,TRENT,SELL,1,341.1027526855469,341.1027526855469,-21.463897705078125,stop_loss
2018-04-20,CUBEXTUB,SELL,9,22.0,198.0,-18.90000343322754,stop_loss
2018-04-23,AMBUJACEM,BUY,1,219.7354431152344,219.7354431152344,,
2018-04-23,AMJLAND,BUY,19,24.18197250366211,459.4574775695801,,
2018-04-23,APTECHT,BUY,1,175.790771484375,175.790771484375,,
2018-04-23,CAPACITE,BUY,1,358.3883972167969,358.3883972167969,,
2018-04-23,CENTURYPLY,BUY,1,343.8641357421875,343.8641357421875,,
2018-04-23,COCHINSHIP,BUY,1,209.3358459472656,209.3358459472656,,
2018-04-23,DABUR,BUY,1,328.19500732421875,328.19500732421875,,
2018-04-23,EIHOTEL,BUY,1,183.5992889404297,183.5992889404297,,
2018-04-23,HINDALCO,BUY,1,242.48049926757807,242.48049926757807,,
2018-04-23,JSL,BUY,2,103.83731842041016,207.6746368408203,,
2018-04-23,OIL,BUY,2,101.68599700927734,203.3719940185547,,
2018-04-23,PCBL,BUY,3,100.8322525024414,302.4967575073242,,
2018-04-23,PHOENIXLTD,BUY,1,299.9865417480469,299.9865417480469,,
2018-04-23,PRSMJOHNSN,BUY,1,119.33358001708984,119.33358001708984,,
2018-04-23,TATAINVEST,BUY,1,71.93814086914062,71.93814086914062,,
2018-04-23,TATAPOWER,SELL,3,76.5653076171875,229.6959228515625,-6.455177307128906,signal
2018-04-23,VAIBHAVGBL,BUY,2,125.27964782714844,250.55929565429688,,
2018-04-24,JKTYRE,SELL,5,137.2491455078125,686.2457275390625,-37.747955322265625,stop_loss
2018-04-24,DISHTV,SELL,10,74.92166900634766,749.2166900634766,-47.44377136230469,stop_loss
2018-04-24,HINDALCO,SELL,1,224.5980224609375,224.5980224609375,-17.882476806640568,stop_loss
2018-04-25,EIHOTEL,SELL,1,172.965576171875,172.965576171875,-10.633712768554688,stop_loss
2018-04-25,PCBL,SELL,3,93.2645263671875,279.7935791015625,-22.70317840576172,stop_loss
2018-04-26,CASTROLIND,SELL,10,132.8985137939453,1328.9851379394531,-69.23980712890625,stop_loss
2018-04-26,JSL,SELL,2,94.64338684082033,189.28677368164065,-18.38786315917966,stop_loss
2018-04-27,CENTURYPLY,SELL,1,315.9424743652344,315.9424743652344,-27.921661376953125,stop_loss
2018-04-30,PETRONET,SELL,1,159.22950744628906,159.22950744628906,-8.740798950195312,stop_loss
2018-04-30,ADANIPORTS,BUY,1,388.8854370117188,388.8854370117188,,
2018-04-30,ADVENZYMES,BUY,2,245.3209991455078,490.6419982910156,,
2018-04-30,ASAHIINDIA,BUY,1,352.6658630371094,352.6658630371094,,
2018-04-30,AUBANK,BUY,1,358.4447937011719,358.4447937011719,,
2018-04-30,BHARTIARTL,BUY,1,354.1693420410156,354.1693420410156,,
2018-04-30,BLKASHYAP,BUY,9,50.400001525878906,453.60001373291016,,
2018-04-30,BRIGADE,BUY,1,180.7657623291016,180.7657623291016,,
2018-04-30,CARBORUNIV,BUY,1,361.7623596191406,361.7623596191406,,
2018-04-30,CESC,BUY,6,68.73316955566406,412.3990173339844,,
2018-04-30,COFFEEDAY,BUY,1,345.20001220703125,345.20001220703125,,
2018-04-30,DEEPAKNTR,BUY,1,258.7380676269531,258.7380676269531,,
2018-04-30,DELTACORP,SELL,1,253.1600799560547,253.1600799560547,-9.457870483398438,signal
2018-04-30,DLF,BUY,1,209.9656524658203,209.9656524658203,,
2018-04-30,ENGINERSIN,BUY,1,121.9378662109375,121.9378662109375,,
2018-04-30,KEC,SELL,2,381.7610168457031,763.5220336914062,19.174987792968636,signal
2018-04-30,KPRMILL,BUY,1,134.89773559570312,134.89773559570312,,
2018-04-30,MARICO,BUY,1,296.6781005859375,296.6781005859375,,
2018-04-30,MASFIN,BUY,1,198.9423370361328,198.9423370361328,,
2018-04-30,SYNGENE,SELL,11,308.7835693359375,3396.6192626953125,217.73171997070312,signal
2018-04-30,TATACONSUM,BUY,2,278.5437316894531,557.0874633789062,,
2018-04-30,TRENT,BUY,1,347.1224975585937,347.1224975585937,,
2018-04-30,YESBANK,BUY,1,354.2880249023437,354.2880249023437,,
2018-04-30,ZYDUSLIFE,BUY,1,383.3055114746094,383.3055114746094,,
2018-05-02,APTECHT,SELL,1,164.93540954589844,164.93540954589844,-10.855361938476562,stop_loss
2018-05-03,HCLTECH,SELL,1,359.7770080566406,359.7770080566406,-28.837982177734375,stop_loss
2018-05-03,CAPACITE,SELL,1,339.99041748046875,339.99041748046875,-18.397979736328125,stop_loss
2018-05-03,ADVENZYMES,SELL,2,228.4411163330078,456.8822326660156,-33.759765625,stop_loss
2018-05-03,BLKASHYAP,SELL,9,47.0,423.0,-30.600013732910156,stop_loss
2018-05-03,MARICO,SELL,1,278.4339904785156,278.4339904785156,-18.244110107421875,stop_loss
2018-05-04,AUBANK,SELL,1,336.8442687988281,336.8442687988281,-21.60052490234375,stop_loss
2018-05-04,DLF,SELL,1,198.8603363037109,198.8603363037109,-11.105316162109403,stop_loss
2018-05-04,ZYDUSLIFE,SELL,1,361.9720153808594,361.9720153808594,-21.33349609375,stop_loss
2018-05-07,LICHSGFIN,SELL,1,446.2067565917969,446.2067565917969,-24.253692626953125,stop_loss
2018-05-07,AMBUJACEM,SELL,1,208.7752685546875,208.7752685546875,-10.960174560546903,stop_loss
2018-05-07,BRIGADE,SELL,1,170.59490966796875,170.59490966796875,-10.170852661132841,stop_loss
2018-05-07,DEEPAKNTR,SELL,1,244.08071899414065,244.08071899414065,-14.657348632812472,stop_loss
2018-05-07,AMJLAND,SELL,19,23.99414825439453,455.8888168334961,-3.5686607360839844,signal
2018-05-07,ARMANFIN,SELL,1,419.4410705566406,419.4410705566406,83.49066162109375,signal
2018-05-07,AXISCADES,SELL,1,164.35000610351562,164.35000610351562,-7.149993896484375,signal
2018-05-07,AYMSYNTEX,SELL,12,66.0999984741211,793.1999816894531,52.79997253417969,signal
2018-05-07,BERGEPAINT,SELL,5,217.82020568847656,1089.1010284423828,39.79644775390625,signal
2018-05-07,BHAGERIA,SELL,2,133.3566436767578,266.7132873535156,-10.82110595703125,signal
2018-05-07,BHARATFORG,SELL,1,700.2481689453125,700.2481689453125,5.23980712890625,signal
2018-05-07,BHARTIARTL,SELL,1,344.3973388671875,344.3973388671875,-9.772003173828125,signal
2018-05-07,BIOCON,SELL,5,308.529541015625,1542.647705078125,66.82510375976562,signal
2018-05-07,BYKE,SELL,34,179.4705352783203,6101.998199462891,405.5657958984375,signal
2018-05-07,CHAMBLFERT,SELL,6,157.14263916015625,942.8558349609375,53.8919677734375,signal
2018-05-07,COALINDIA,SELL,9,139.5091094970703,1255.5819854736328,-47.4246826171875,signal
2018-05-07,COCHINSHIP,SELL,1,202.20155334472656,202.20155334472656,-7.134292602539034,signal
2018-05-07,COFORGE,SELL,5,187.1530914306641,935.7654571533204,106.90155029296889,signal
2018-05-07,CONCOR,BUY,5,490.0676879882813,2450.3384399414067,,
2018-05-07,CROMPTON,BUY,8,233.14682006835932,1865.1745605468745,,
2018-05-07,CROWN,BUY,100,15.794135093688965,1579.4135093688965,,
2018-05-07,CYIENT,BUY,2,669.8312377929688,1339.6624755859375,,
2018-05-07,FEDERALBNK,BUY,18,94.38082885742188,1698.8549194335938,,
2018-05-07,FOCUS,SELL,55,12.630452156066896,694.6748685836793,36.97961330413828,signal
2018-05-07,GRAPHITE,BUY,2,577.4977416992188,1154.9954833984375,,
2018-05-07,HDFCBANK,BUY,3,461.3638305664063,1384.091491699219,,
2018-05-07,ICICIPRULI,BUY,2,437.2906799316406,874.5813598632812,,
2018-05-07,INDHOTEL,SELL,5,137.34478759765625,686.7239379882812,42.27088928222656,signal
2018-05-07,IPCALAB,SELL,1,352.2993469238281,352.2993469238281,25.124237060546875,signal
2018-05-07,KANSAINER,BUY,4,313.57733154296875,1254.309326171875,,
2018-05-07,KPRMILL,SELL,1,128.5214385986328,128.5214385986328,-6.3762969970703125,signal
2018-05-07,OIL,SELL,2,100.3249282836914,200.6498565673828,-2.722137451171875,signal
2018-05-07,RADICO,SELL,11,394.5929870605469,4340.522857666016,599.175048828125,signal
2018-05-07,RAYMOND,BUY,1,1113.40966796875,1113.40966796875,,
2018-05-07,SBILIFE,SELL,1,692.8088989257812,692.8088989257812,-5.21856689453125,signal
2018-05-07,TECHM,SELL,1,497.5259704589844,497.5259704589844,-8.55194091796875,signal
2018-05-07,VBL,BUY,42,40.875244140625,1716.76025390625,,
2018-05-08,YESBANK,SELL,1,335.9864196777344,335.9864196777344,-18.301605224609318,stop_loss
2018-05-10,NCC,SELL,2,110.4144287109375,220.828857421875,-12.023971557617188,stop_loss
2018-05-10,PRSMJOHNSN,SELL,1,111.7733154296875,111.7733154296875,-7.560264587402344,stop_loss
2018-05-10,TRENT,SELL,1,328.7178649902344,328.7178649902344,-18.404632568359318,stop_loss
2018-05-10,FEDERALBNK,SELL,18,83.37596130371094,1500.7673034667969,-198.08761596679688,stop_loss
2018-05-11,BBL,SELL,1,723.2074584960938,723.2074584960938,-42.477783203125,stop_loss
2018-05-11,CROMPTON,SELL,8,219.5177154541016,1756.1417236328127,-109.03283691406182,stop_loss
2018-05-14,TATACONSUM,SELL,2,239.55419921875,479.1083984375,-77.97906494140625,stop_loss
2018-05-14,CROWN,SELL,100,15.002449035644531,1500.2449035644531,-79.16860580444336,stop_loss
2018-05-14,RAYMOND,SELL,1,1054.9879150390625,1054.9879150390625,-58.4217529296875,stop_loss
2018-05-14,ABFRL,BUY,11,148.00393676757812,1628.0433044433594,,
2018-05-14,ADFFOODS,BUY,38,46.90313720703125,1782.3192138671875,,
2018-05-14,AIAENG,BUY,1,1403.142822265625,1403.142822265625,,
2018-05-14,AKZOINDIA,BUY,1,1594.408935546875,1594.408935546875,,
2018-05-14,AMBER,BUY,1,1186.8809814453125,1186.8809814453125,,
2018-05-14,AMJLAND,BUY,55,28.22012519836425,1552.1068859100337,,
2018-05-14,ASAHIINDIA,SELL,1,347.22979736328125,347.22979736328125,-5.436065673828125,signal
2018-05-14,ASHOKLEY,SELL,40,66.3786392211914,2655.1455688476562,120.64987182617188,signal
2018-05-14,ASIANPAINT,BUY,1,1216.271484375,1216.271484375,,
2018-05-14,AXISBANK,BUY,2,548.9235229492188,1097.8470458984375,,
2018-05-14,BAFNAPH,SELL,149,25.600000381469727,3814.4000568389893,-89.40005683898926,signal
2018-05-14,BANCOINDIA,SELL,1,64.34329223632812,64.34329223632812,-1.8839340209960938,signal
2018-05-14,BHARATRAS,SELL,1,1477.7242431640625,1477.7242431640625,360.5550537109375,signal
2018-05-14,BPCL,BUY,2,120.13729858398438,240.27459716796875,,
2018-05-14,CHOLAFIN,SELL,1,307.0079040527344,307.0079040527344,6.962799072265625,signal
2018-05-14,COFFEEDAY,SELL,1,328.3999938964844,328.3999938964844,-16.800018310546875,signal
2018-05-14,DENORA,SELL,2,440.1996765136719,880.3993530273438,18.8056640625,signal
2018-05-14,DPWIRES,BUY,24,67.97618865966797,1631.4285278320312,,
2018-05-14,DYNAMATECH,BUY,1,1889.5289306640625,1889.5289306640625,,
2018-05-14,ECLERX,BUY,4,448.6677551269531,1794.6710205078125,,
2018-05-14,ELGIEQUIP,BUY,4,142.4962158203125,569.98486328125,,
2018-05-14,ESCORTS,SELL,1,901.3275146484376,901.3275146484376,33.288391113281364,signal
2018-05-14,ICICIBANK,BUY,3,297.8629455566406,893.5888366699219,,
2018-05-14,IOC,BUY,5,65.811279296875,329.056396484375,,
2018-05-14,JUBLFOOD,SELL,23,239.0872039794922,5499.00569152832,211.58729553222656,signal
2018-05-14,OIL,BUY,18,103.9471435546875,1871.048583984375,,
2018-05-14,SBIN,BUY,2,234.0009307861328,468.0018615722656,,
2018-05-14,SRF,SELL,7,430.5262145996094,3013.6835021972656,398.1611022949215,signal
2018-05-14,TATACOMM,BUY,4,357.0168762207031,1428.0675048828125,,
2018-05-14,TATAINVEST,SELL,1,69.13163757324219,69.13163757324219,-2.8065032958984375,signal
2018-05-14,TECHM,BUY,4,504.9804992675781,2019.9219970703125,,
2018-05-14,THERMAX,BUY,1,1131.2955322265625,1131.2955322265625,,
2018-05-14,TITAN,SELL,3,894.4426879882812,2683.3280639648438,-55.56243896484341,signal
2018-05-14,VINATIORGA,BUY,4,460.62213134765625,1842.488525390625,,
2018-05-14,WELSPUNLIV,BUY,18,61.90592575073242,1114.3066635131836,,
2018-05-14,ZENSARTECH,SELL,1,214.1981201171875,214.1981201171875,44.2901611328125,signal
2018-05-15,VAIBHAVGBL,SELL,2,118.48411560058594,236.96823120117188,-13.591064453125,stop_loss
2018-05-15,CARBORUNIV,SELL,1,343.1588439941406,343.1588439941406,-18.603515625,stop_loss
2018-05-15,ENGINERSIN,SELL,1,114.99083709716795,114.99083709716795,-6.9470291137695455,stop_loss
2018-05-15,AMJLAND,SELL,55,26.52973937988281,1459.1356658935545,-92.9712200164793,stop_loss
2018-05-16,MUTHOOTFIN,SELL,2,367.0940246582031,734.1880493164062,-41.041015625,stop_loss
2018-05-18,ARVIND,SELL,3,135.01031494140625,405.03094482421875,-26.620147705078125,stop_loss
2018-05-18,AUROPHARMA,SELL,1,554.640380859375,554.640380859375,-43.26849365234375,stop_loss
2018-05-18,MASFIN,SELL,1,188.9618377685547,188.9618377685547,-9.980499267578125,stop_loss
2018-05-18,ICICIPRULI,SELL,2,411.0465393066406,822.0930786132812,-52.48828125,stop_loss
2018-05-18,ICICIBANK,SELL,3,274.8099975585937,824.429992675781,-69.1588439941408,stop_loss
2018-05-18,SBIN,SELL,2,220.3908843994141,440.7817687988282,-27.220092773437443,stop_loss
2018-05-18,WELSPUNLIV,SELL,18,58.59619522094727,1054.731513977051,-59.575149536132685,stop_loss
2018-05-21,APLAPOLLO,SELL,2,186.6809234619141,373.3618469238282,-22.642669677734318,stop_loss
2018-05-21,NTPC,SELL,8,100.45481872558594,803.6385498046875,-47.4163818359375,stop_loss
2018-05-21,ADANIPORTS,SELL,1,366.3524475097656,366.3524475097656,-22.532989501953182,stop_loss
2018-05-21,CYIENT,SELL,2,625.5545654296875,1251.109130859375,-88.5533447265625,stop_loss
2018-05-21,VBL,SELL,42,38.83811950683594,1631.2010192871094,-85.55923461914062,stop_loss
2018-05-21,ABFRL,SELL,11,138.39329528808594,1522.3262481689453,-105.71705627441406,stop_loss
2018-05-21,ELGIEQUIP,SELL,4,135.2412872314453,540.9651489257812,-29.01971435546875,stop_loss
2018-05-21,AARTIIND,SELL,5,289.0423278808594,1445.2116394042969,73.76480102539062,signal
2018-05-21,AMBER,SELL,1,1136.4827880859375,1136.4827880859375,-50.398193359375,signal
2018-05-21,ASTRAL,SELL,5,408.6783752441406,2043.3918762207031,-7.559051513671875,signal
2018-05-21,AXISBANK,SELL,2,524.008544921875,1048.01708984375,-49.8299560546875,signal
2018-05-21,BAJAJFINSV,BUY,6,570.2486572265625,3421.491943359375,,
2018-05-21,BAJAJHLDNG,BUY,1,2420.10546875,2420.10546875,,
2018-05-21,BATAINDIA,SELL,2,691.5216674804688,1383.0433349609375,2.230712890625,signal
2018-05-21,BERGEPAINT,BUY,14,227.9392852783203,3191.1499938964844,,
2018-05-21,CESC,SELL,6,65.3978042602539,392.38682556152344,-20.012191772460938,signal
2018-05-21,COLPAL,BUY,2,1013.9312133789062,2027.8624267578125,,
2018-05-21,EXIDEIND,SELL,27,228.6234436035156,6172.832977294921,602.89892578125,signal
2018-05-21,FCSSOFT,BUY,1918,0.3000000119209289,575.4000228643416,,
2018-05-21,HDFCLIFE,SELL,2,480.12158203125,960.2431640625,13.7275390625,signal
2018-05-21,HINDUNILVR,BUY,2,1390.474365234375,2780.94873046875,,
2018-05-21,INDUSINDBK,BUY,1,1834.810302734375,1834.810302734375,,
2018-05-21,IRB,SELL,27,10.40980625152588,281.0647687911988,-5.36301898956294,signal
2018-05-21,JSWSTEEL,SELL,1,282.2822570800781,282.2822570800781,-0.1368408203125,signal
2018-05-21,LALPATHLAB,BUY,2,419.99322509765625,839.9864501953125,,
2018-05-21,MANAPPURAM,SELL,2,98.05052947998048,196.10105895996097,2.154022216796875,signal
2018-05-21,MPHASIS,BUY,3,888.8547973632812,2666.5643920898438,,
2018-05-21,M_M,SELL,1,767.5621337890625,767.5621337890625,22.76806640625,signal
2018-05-21,RATNAMANI,BUY,4,629.7508544921875,2519.00341796875,,
2018-05-21,TATACOMM,SELL,4,341.2447204589844,1364.9788818359375,-63.088623046875,signal
2018-05-21,TCS,BUY,1,1460.479248046875,1460.479248046875,,
2018-05-21,UBL,BUY,2,1113.421875,2226.84375,,
2018-05-22,DYNAMATECH,SELL,1,1777.71435546875,1777.71435546875,-111.8145751953125,stop_loss
2018-05-22,FCSSOFT,SELL,1918,0.25,479.5,-95.90002286434164,stop_loss
2018-05-23,BPCL,SELL,2,111.14632415771484,222.2926483154297,-17.981948852539062,stop_loss
2018-05-23,IOC,SELL,5,59.988319396972656,299.9415969848633,-29.11479949951172,stop_loss
2018-05-24,ECLERX,SELL,4,425.5967102050781,1702.3868408203125,-92.2841796875,stop_loss
2018-05-24,OIL,SELL,18,94.68304443359376,1704.2947998046877,-166.75378417968724,stop_loss
2018-05-25,THERMAX,SELL,1,1074.61328125,1074.61328125,-56.6822509765625,stop_loss
2018-05-28,ARMANFIN,BUY,7,382.1187744140625,2674.8314208984375,,
2018-05-28,AUROPHARMA,BUY,2,579.3856201171875,1158.771240234375,,
2018-05-28,AXISCADES,BUY,5,154.4499969482422,772.2499847412109,,
2018-05-28,BAFNAPH,BUY,1,26.75,26.75,,
2018-05-28,BAJAJCON,BUY,3,390.5739135742188,1171.7217407226565,,
2018-05-28,BANKBARODA,BUY,17,128.89939880371094,2191.289779663086,,
2018-05-28,BATAINDIA,BUY,2,721.9596557617188,1443.9193115234375,,
2018-05-28,BBTC,BUY,1,1493.5977783203125,1493.5977783203125,,
2018-05-28,BIOCON,BUY,4,328.5277709960937,1314.1110839843748,,
2018-05-28,BSE,BUY,22,77.10327911376953,1696.2721405029297,,
2018-05-28,CAPTRUST,BUY,1,401.4476318359375,401.4476318359375,,
2018-05-28,CARERATING,BUY,1,1038.26025390625,1038.26025390625,,
2018-05-28,CESC,BUY,20,67.87743377685547,1357.5486755371094,,
2018-05-28,CGCL,BUY,12,92.6932144165039,1112.3185729980469,,
2018-05-28,CHAMBLFERT,BUY,7,142.42221069335938,996.9554748535156,,
2018-05-28,CIGNITITEC,BUY,3,243.66159057617188,730.9847717285156,,
2018-05-28,COFORGE,BUY,5,194.46188354492188,972.3094177246094,,
2018-05-28,COMPUSOFT,BUY,50,10.812688827514648,540.6344413757324,,
2018-05-28,CROWN,BUY,35,15.982160568237305,559.3756198883057,,
2018-05-28,DEEPAKNTR,BUY,2,242.06236267089844,484.1247253417969,,
2018-05-28,DISHTV,BUY,10,74.18035888671875,741.8035888671875,,
2018-05-28,DIVISLAB,SELL,1,1032.5439453125,1032.5439453125,-35.642333984375,signal
2018-05-28,DLF,BUY,1,194.9075927734375,194.9075927734375,,
2018-05-28,DPWIRES,SELL,24,69.71916961669922,1673.2600708007812,41.83154296875,signal
2018-05-28,EIHOTEL,BUY,5,164.2478485107422,821.2392425537109,,
2018-05-28,ELECTHERM,BUY,4,178.35000610351562,713.4000244140625,,
2018-05-28,EXIDEIND,BUY,3,242.19723510742188,726.5917053222656,,
2018-05-28,HINDALCO,BUY,3,229.2465362548828,687.7396087646484,,
2018-05-28,INDIANB,BUY,1,288.5311279296875,288.5311279296875,,
2018-05-28,INFY,BUY,1,487.90338134765625,487.90338134765625,,
2018-05-28,JSWENERGY,BUY,1,72.75298309326172,72.75298309326172,,
2018-05-28,JUBLFOOD,BUY,2,267.7839660644531,535.5679321289062,,
2018-05-28,MCX,BUY,2,153.6182403564453,307.2364807128906,,
2018-05-28,NCC,BUY,1,105.70352172851562,105.70352172851562,,
2018-05-28,NMDC,BUY,10,18.39272117614746,183.9272117614746,,
2018-05-28,SBIN,BUY,1,251.0250244140625,251.0250244140625,,
2018-05-28,VBL,BUY,9,43.57694625854492,392.1925163269043,,
2018-05-28,ZENSARTECH,BUY,1,225.335189819336,225.335189819336,,
2018-05-29,JUBLFOOD,SELL,2,252.685302734375,505.37060546875,-30.19732666015625,stop_loss
2018-05-30,AUROPHARMA,SELL,2,541.47802734375,1082.9560546875,-75.815185546875,stop_loss
2018-05-30,ELECTHERM,SELL,4,169.60000610351562,678.4000244140625,-35.0,stop_loss
2018-05-31,AXISCADES,SELL,5,144.8000030517578,724.0000152587891,-48.249969482421875,stop_loss
2018-05-31,BAFNAPH,SELL,1,24.850000381469727,24.850000381469727,-1.8999996185302734,stop_loss
2018-05-31,BANKBARODA,SELL,17,121.31969451904295,2062.43480682373,-128.8549728393557,stop_loss
2018-05-31,CGCL,SELL,12,87.79478454589844,1053.5374145507812,-58.781158447265625,stop_loss
2018-05-31,COMPUSOFT,SELL,50,10.158695220947266,507.9347610473633,-32.69968032836914,stop_loss
2018-06-01,CAPTRUST,SELL,1,373.9867248535156,373.9867248535156,-27.460906982421875,stop_loss
2018-06-01,DEEPAKNTR,SELL,2,226.68414306640625,453.3682861328125,-30.756439208984375,stop_loss
2018-06-04,MPHASIS,SELL,3,840.6966552734375,2522.0899658203125,-144.47442626953125,stop_loss
2018-06-04,CHAMBLFERT,SELL,7,134.68775939941406,942.8143157958984,-54.14115905761719,stop_loss
2018-06-04,MCX,SELL,2,145.64846801757812,291.29693603515625,-15.939544677734375,stop_loss
2018-06-04,APOLLOTYRE,SELL,9,235.2683563232422,2117.4152069091797,-90.3312377929685,signal
2018-06-04,ASTRAL,BUY,3,442.42919921875,1327.28759765625,,
2018-06-04,AUBANK,BUY,4,347.1231384277344,1388.4925537109375,,
2018-06-04,BANCOINDIA,BUY,19,64.31431579589844,1221.9720001220703,,
2018-06-04,BHANDARI,BUY,206,2.298820734024048,473.55707120895386,,
2018-06-04,CIGNITITEC,SELL,3,234.15809631347656,702.4742889404297,-28.510482788085938,signal
2018-06-04,CINEVISTA,BUY,29,7.900000095367432,229.10000276565552,,
2018-06-04,CONCOR,SELL,5,476.8334655761719,2384.1673278808594,-66.17111206054716,signal
2018-06-04,DIGISPICE,BUY,58,14.931451797485352,866.0242042541504,,
2018-06-04,EDELWEISS,SELL,3,138.1453094482422,414.43592834472656,55.26741027832027,signal
2018-06-04,INTELLECT,SELL,2,173.56173706054688,347.12347412109375,5.801788330078125,signal
2018-06-04,JSWSTEEL,BUY,4,302.91143798828125,1211.645751953125,,
2018-06-04,KANSAINER,SELL,4,300.726806640625,1202.9072265625,-51.402099609375,signal
2018-06-04,KRBL,BUY,3,491.309326171875,1473.927978515625,,
2018-06-04,LALPATHLAB,SELL,2,406.6422424316406,813.2844848632812,-26.70196533203125,signal
2018-06-04,LTTS,BUY,1,1223.597900390625,1223.597900390625,,
2018-06-04,MARICO,BUY,4,287.8459777832031,1151.3839111328125,,
2018-06-04,M_M,BUY,1,849.8523559570312,849.8523559570312,,
2018-06-04,PHOENIXLTD,SELL,1,322.8166809082031,322.8166809082031,22.83013916015625,signal
2018-06-04,POONAWALLA,SELL,1,157.4744110107422,157.4744110107422,0.973876953125,signal
2018-06-04,POWERGRID,SELL,11,74.75398254394531,822.2938079833984,10.19232177734375,signal
2018-06-04,SUNDRMFAST,BUY,1,587.9762573242188,587.9762573242188,,
2018-06-04,TORNTPHARM,BUY,1,641.7279663085938,641.7279663085938,,
2018-06-04,YESBANK,BUY,3,338.30926513671875,1014.9277954101562,,
2018-06-05,ARMANFIN,SELL,7,350.76007080078125,2455.3204956054688,-219.51092529296875,stop_loss
2018-06-05,BBTC,SELL,1,1387.34423828125,1387.34423828125,-106.2535400390625,stop_loss
2018-06-05,BIOCON,SELL,4,299.5538330078125,1198.21533203125,-115.89575195312477,stop_loss
2018-06-05,CESC,SELL,20,63.80952453613281,1276.1904907226562,-81.35818481445312,stop_loss
2018-06-05,JSWENERGY,SELL,1,66.58509826660156,66.58509826660156,-6.167884826660156,stop_loss
2018-06-05,NCC,SELL,1,98.03147888183594,98.03147888183594,-7.6720428466796875,stop_loss
2018-06-05,NMDC,SELL,10,17.39186668395996,173.9186668395996,-10.008544921875,stop_loss
2018-06-05,DIGISPICE,SELL,58,13.864919662475586,804.165340423584,-61.858863830566406,stop_loss
2018-06-06,AKZOINDIA,SELL,1,1488.1552734375,1488.1552734375,-106.253662109375,stop_loss
2018-06-06,BAJAJCON,SELL,3,370.7521057128906,1112.2563171386719,-59.465423583984546,stop_loss
2018-06-06,ZENSARTECH,SELL,1,213.3872985839844,213.3872985839844,-11.947891235351591,stop_loss
2018-06-06,BHANDARI,SELL,206,2.1580772399902344,444.5639114379883,-28.993159770965576,stop_loss
2018-06-11,ADANIENT,BUY,16,81.0224380493164,1296.3590087890625,,
2018-06-11,AGROPHOS,SELL,12,36.25969314575195,435.11631774902344,6.373260498046875,signal
2018-06-11,AMJLAND,BUY,67,23.524599075317383,1576.1481380462646,,
2018-06-11,APOLLOTYRE,BUY,7,243.3597412109375,1703.5181884765625,,
2018-06-11,APTECHT,BUY,1,165.79531860351562,165.79531860351562,,
2018-06-11,ARVIND,BUY,11,138.76246643066406,1526.3871307373047,,
2018-06-11,AUROPHARMA,BUY,1,551.81640625,551.81640625,,
2018-06-11,BROOKS,BUY,18,79.144775390625,1424.60595703125,,
2018-06-11,BYKE,BUY,7,167.83909606933594,1174.8736724853516,,
2018-06-11,CHAMBLFERT,BUY,8,139.9272003173828,1119.4176025390625,,
2018-06-11,CIGNITITEC,BUY,1,254.732666015625,254.732666015625,,
2018-06-11,CIPLA,BUY,1,528.913330078125,528.913330078125,,
2018-06-11,CROMPTON,BUY,2,219.3303680419922,438.6607360839844,,
2018-06-11,CYIENT,BUY,1,607.7294311523438,607.7294311523438,,
2018-06-11,DLINKINDIA,BUY,10,78.65885162353516,786.5885162353516,,
2018-06-11,EMAMILTD,BUY,1,458.9578857421875,458.9578857421875,,
2018-06-11,FACT,BUY,2,49.78571319580078,99.57142639160156,,
2018-06-11,FEDERALBNK,BUY,4,81.74388122558594,326.97552490234375,,
2018-06-11,GABRIEL,BUY,5,141.7305450439453,708.6527252197266,,
2018-06-11,GLENMARK,BUY,1,546.9207763671875,546.9207763671875,,
2018-06-11,HDFCLIFE,BUY,1,476.3955993652344,476.3955993652344,,
2018-06-11,HFCL,BUY,14,30.7012882232666,429.8180351257324,,
2018-06-11,ICICIPRULI,BUY,1,405.982666015625,405.982666015625,,
2018-06-11,INTELLECT,BUY,2,209.94577026367188,419.89154052734375,,
2018-06-11,IPCALAB,BUY,1,335.50115966796875,335.50115966796875,,
2018-06-11,IRB,BUY,36,10.927178382873535,393.37842178344727,,
2018-06-11,JUBLFOOD,BUY,1,264.59161376953125,264.59161376953125,,
2018-06-11,MANAPPURAM,BUY,3,92.48640441894533,277.459213256836,,
2018-06-11,NLCINDIA,BUY,3,62.74208450317383,188.22625350952148,,
2018-06-11,PCBL,BUY,2,90.05982971191406,180.11965942382812,,
2018-06-11,PIDILITIND,SELL,1,508.7366027832031,508.7366027832031,56.02410888671875,signal
2018-06-11,SAIL,BUY,4,72.36075592041016,289.4430236816406,,
2018-06-11,TANLA,BUY,2,29.29988479614257,58.59976959228514,,
2018-06-11,TATASTEEL,BUY,3,47.29398727416992,141.88196182250977,,
2018-06-14,CINEVISTA,SELL,29,7.199999809265137,208.79999446868896,-20.300008296966553,stop_loss
2018-06-15,KRBL,SELL,3,466.9683227539063,1400.904968261719,-73.02301025390608,stop_loss
2018-06-15,NLCINDIA,SELL,3,58.94166946411133,176.82500839233398,-11.4012451171875,stop_loss
2018-06-15,TANLA,SELL,2,27.334367752075195,54.66873550415039,-3.9310340881347514,stop_loss
2018-06-18,CROMPTON,SELL,2,203.9214782714844,407.8429565429688,-30.817779541015568,stop_loss
2018-06-18,AARTIDRUGS,BUY,3,148.1238555908203,444.37156677246094,,
2018-06-18,AARTIIND,BUY,1,300.2726135253906,300.2726135253906,,
2018-06-18,CAMLINFINE,BUY,4,91.6500015258789,366.6000061035156,,
2018-06-18,CDSL,BUY,2,134.3747100830078,268.7494201660156,,
2018-06-18,CHOLAFIN,BUY,1,314.3607788085937,314.3607788085937,,
2018-06-18,FACT,SELL,2,48.1411361694336,96.2822723388672,-3.289154052734361,signal
2018-06-18,FCSSOFT,BUY,1334,0.25,333.5,,
2018-06-18,FOCUS,BUY,29,9.445780754089355,273.9276418685913,,
2018-06-18,GRAPHITE,SELL,2,635.748046875,1271.49609375,116.5006103515625,signal
2018-06-18,HDFCBANK,SELL,3,474.1139221191406,1422.3417663574219,38.250274658202954,signal
2018-06-18,PERSISTENT,BUY,1,373.5624084472656,373.5624084472656,,
2018-06-18,PRESTIGE,BUY,1,261.0337219238281,261.0337219238281,,
2018-06-18,RELIANCE,BUY,1,448.5999145507813,448.5999145507813,,
2018-06-18,TATAINVEST,BUY,5,74.28260803222656,371.4130401611328,,
2018-06-18,TATASTEEL,SELL,3,44.87163925170898,134.61491775512692,-7.267044067382834,signal
2018-06-18,WELSPUNLIV,BUY,7,54.4007682800293,380.8053779602051,,
2018-06-18,ZENSARTECH,BUY,1,218.5905914306641,218.5905914306641,,
2018-06-19,INTELLECT,SELL,2,190.47540283203125,380.9508056640625,-38.94073486328125,stop_loss
2018-06-21,HINDALCO,SELL,3,210.88975524902344,632.6692657470703,-55.070343017578125,stop_loss
2018-06-21,APTECHT,SELL,1,152.42669677734375,152.42669677734375,-13.368621826171875,stop_loss
2018-06-25,ICICIPRULI,SELL,1,373.51068115234375,373.51068115234375,-32.47198486328125,stop_loss
2018-06-25,CAMLINFINE,SELL,4,83.94999694824219,335.79998779296875,-30.800018310546875,stop_loss
2018-06-25,AARTIIND,SELL,1,289.196044921875,289.196044921875,-11.076568603515625,signal
2018-06-25,BANCOINDIA,SELL,19,62.16953659057617,1181.2211952209473,-40.75080490112305,signal
2018-06-25,BIOCON,BUY,2,312.91876220703125,625.8375244140625,,
2018-06-25,CARERATING,SELL,1,965.629150390625,965.629150390625,-72.631103515625,signal
2018-06-25,CDSL,SELL,2,130.98175048828125,261.9635009765625,-6.785919189453125,signal
2018-06-25,CROMPTON,BUY,3,214.3658142089844,643.0974426269532,,
2018-06-25,ECLERX,BUY,1,439.3101196289063,439.3101196289063,,
2018-06-25,EMAMILTD,SELL,1,438.1920471191406,438.1920471191406,-20.765838623046875,signal
2018-06-25,HDFCBANK,BUY,1,491.9123840332031,491.9123840332031,,
2018-06-25,HDFCLIFE,SELL,1,458.1085205078125,458.1085205078125,-18.287078857421875,signal
2018-06-25,HFCL,SELL,14,29.522356033325195,413.31298446655273,-16.505050659179688,signal
2018-06-25,IPCALAB,SELL,1,314.7833557128906,314.7833557128906,-20.717803955078125,signal
2018-06-25,KPRMILL,BUY,5,128.01904296875,640.09521484375,,
2018-06-25,LALPATHLAB,BUY,1,446.0585632324219,446.0585632324219,,
2018-06-25,MARICO,SELL,4,295.4737243652344,1181.8948974609375,30.510986328125,signal
2018-06-25,PRESTIGE,SELL,1,250.60592651367188,250.60592651367188,-10.42779541015625,signal
2018-06-25,RATNAMANI,SELL,4,593.74072265625,2374.962890625,-144.04052734375,signal
2018-06-25,SAIL,SELL,4,68.55890655517578,274.2356262207031,-15.2073974609375,signal
2018-06-25,SBIN,SELL,1,247.70327758789065,247.70327758789065,-3.3217468261718466,signal
2018-06-25,UBL,SELL,2,1185.0137939453125,2370.027587890625,143.183837890625,signal
2018-06-25,ZYDUSLIFE,BUY,3,383.3055114746094,1149.9165344238281,,
2018-06-26,BROOKS,SELL,18,72.40817260742188,1303.3471069335938,-121.25885009765625,stop_loss
2018-06-26,IRB,SELL,36,10.134950637817385,364.85822296142584,-28.52019882202142,stop_loss
2018-06-26,FCSSOFT,SELL,1334,0.2000000029802322,266.80000397562975,-66.69999602437024,stop_loss
2018-06-27,DLF,SELL,1,180.55538940429688,180.55538940429688,-14.352203369140625,stop_loss
2018-06-27,EIHOTEL,SELL,5,151.1233367919922,755.6166839599609,-65.62255859375,stop_loss
2018-06-27,LTTS,SELL,1,1116.26171875,1116.26171875,-107.336181640625,stop_loss
2018-06-27,ADANIENT,SELL,16,72.71488189697266,1163.4381103515625,-132.9208984375,stop_loss
2018-06-27,DLINKINDIA,SELL,10,71.60843658447266,716.0843658447266,-70.504150390625,stop_loss
2018-06-27,GABRIEL,SELL,5,131.1502227783203,655.7511138916016,-52.901611328125,stop_loss
2018-06-27,MANAPPURAM,SELL,3,84.35003662109375,253.05010986328125,-24.40910339355473,stop_loss
2018-06-27,PCBL,SELL,2,81.9708480834961,163.9416961669922,-16.177963256835938,stop_loss
2018-06-27,AARTIDRUGS,SELL,3,134.79656982421875,404.38970947265625,-39.98185729980469,stop_loss
2018-06-28,ADFFOODS,SELL,38,42.51160430908203,1615.4409637451172,-166.8782501220703,stop_loss
2018-06-28,APOLLOTYRE,SELL,7,225.1873321533203,1576.3113250732422,-127.20686340332031,stop_loss
2018-06-28,BYKE,SELL,7,153.6833953857422,1075.7837677001953,-99.08990478515625,stop_loss
2018-06-28,FEDERALBNK,SELL,4,73.30369567871094,293.21478271484375,-33.7607421875,stop_loss
2018-06-28,CHOLAFIN,SELL,1,286.3437194824219,286.3437194824219,-28.017059326171818,stop_loss
2018-06-28,WELSPUNLIV,SELL,7,49.5043830871582,346.5306816101074,-34.274696350097656,stop_loss
2018-06-28,ZYDUSLIFE,SELL,3,351.42144775390625,1054.2643432617188,-95.65219116210938,stop_loss
2018-06-29,CHAMBLFERT,SELL,8,128.61659240722656,1028.9327392578125,-90.48486328125,stop_loss
2018-07-02,ARVIND,SELL,11,131.73138427734375,1449.0452270507812,-77.34190368652344,signal
2018-07-02,AUBANK,SELL,4,330.09100341796875,1320.364013671875,-68.1285400390625,signal
2018-07-02,BAJAJFINSV,SELL,6,575.8544311523438,3455.1265869140625,33.6346435546875,signal
2018-07-02,BAJAJHLDNG,SELL,1,2564.873291015625,2564.873291015625,144.767822265625,signal
2018-07-02,EIDPARRY,BUY,4,211.18096923828125,844.723876953125,,
2018-07-02,GLENMARK,SELL,1,562.6190185546875,562.6190185546875,15.6982421875,signal
2018-07-02,GRAPHITE,BUY,4,700.99169921875,2803.966796875,,
2018-07-02,IPCALAB,BUY,9,336.694091796875,3030.246826171875,,
2018-07-02,KPRMILL,SELL,5,123.9614028930664,619.807014465332,-20.28820037841797,signal
2018-07-02,RADICO,BUY,7,384.5203552246094,2691.6424865722656,,
2018-07-02,RELIANCE,SELL,1,427.1632995605469,427.1632995605469,-21.436614990234432,signal
2018-07-02,SCHAEFFLER,BUY,2,1040.15283203125,2080.3056640625,,
2018-07-02,TATAINVEST,SELL,5,69.66641235351562,348.3320617675781,-23.080978393554688,signal
2018-07-02,TECHM,SELL,4,497.3745727539063,1989.4982910156252,-30.423706054687273,signal
2018-07-02,TORNTPHARM,SELL,1,643.4010620117188,643.4010620117188,1.673095703125,signal
2018-07-02,VINATIORGA,SELL,4,454.2063903808594,1816.8255615234375,-25.6629638671875,signal
2018-07-09,ADFFOODS,BUY,64,47.05488967895508,3011.512939453125,,
2018-07-09,AKZOINDIA,BUY,1,1509.060302734375,1509.060302734375,,
2018-07-09,AMBER,BUY,1,1019.88330078125,1019.88330078125,,
2018-07-09,AMJLAND,SELL,67,25.307849884033203,1695.6259422302246,119.47780418395996,signal
2018-07-09,ATUL,BUY,1,2636.343017578125,2636.343017578125,,
2018-07-09,BAJAJFINSV,BUY,3,610.552978515625,1831.658935546875,,
2018-07-09,BANDHANBNK,BUY,4,539.3013916015625,2157.20556640625,,
2018-07-09,BASML,BUY,22,73.1252670288086,1608.755874633789,,
2018-07-09,BBTC,BUY,1,1477.9525146484375,1477.9525146484375,,
2018-07-09,COALINDIA,BUY,11,141.46556091308594,1556.1211700439453,,
2018-07-09,CONCOR,BUY,3,485.8741149902344,1457.6223449707031,,
2018-07-09,DELTACORP,BUY,3,226.51907348632807,679.5572204589841,,
2018-07-09,DPWIRES,BUY,17,73.20513153076172,1244.4872360229492,,
2018-07-09,EIDPARRY,SELL,4,201.2017517089844,804.8070068359376,-39.916870117187386,signal
2018-07-09,ELECTHERM,BUY,7,143.10000610351562,1001.7000427246094,,
2018-07-09,ELGIEQUIP,BUY,8,133.9156036376953,1071.3248291015625,,
2018-07-09,FCSSOFT,BUY,2959,0.25,739.75,,
2018-07-09,GNFC,BUY,2,364.4801635742188,728.9603271484376,,
2018-07-09,HAVELLS,BUY,1,528.3145141601562,528.3145141601562,,
2018-07-09,HDFCLIFE,BUY,1,465.364501953125,465.364501953125,,
2018-07-09,HFCL,BUY,27,29.473234176635746,795.7773227691652,,
2018-07-09,KANSAINER,BUY,2,306.9499816894531,613.8999633789062,,
2018-07-09,LALPATHLAB,SELL,1,428.6266479492188,428.6266479492188,-17.431915283203068,signal
2018-07-09,MARICO,BUY,2,310.06005859375,620.1201171875,,
2018-07-09,MCX,BUY,4,136.43873596191406,545.7549438476562,,
2018-07-09,TANLA,BUY,17,33.368045806884766,567.256778717041,,
2018-07-09,VINATIORGA,BUY,1,481.176513671875,481.176513671875,,
2018-07-11,FOCUS,SELL,29,8.727508544921875,253.09774780273438,-20.829894065856934,stop_loss
2018-07-11,FCSSOFT,SELL,2959,0.2000000029802322,591.8000088185071,-147.9499911814929,stop_loss
2018-07-13,RADICO,SELL,7,346.9679870605469,2428.775909423828,-262.8665771484375,stop_loss
2018-07-13,DELTACORP,SELL,3,208.35260009765625,625.0578002929688,-54.499420166015454,stop_loss
2018-07-13,GNFC,SELL,2,332.30718994140625,664.6143798828125,-64.34594726562511,stop_loss
2018-07-16,DISHTV,SELL,10,67.90393829345703,679.0393829345703,-62.76420593261719,stop_loss
2018-07-16,JSWSTEEL,SELL,4,283.7464904785156,1134.9859619140625,-76.6597900390625,stop_loss
2018-07-16,BIOCON,SELL,2,287.29833984375,574.5966796875,-51.2408447265625,stop_loss
2018-07-16,ECLERX,SELL,1,411.86669921875,411.86669921875,-27.443420410156307,stop_loss
2018-07-16,ADFFOODS,SELL,64,43.96280288696289,2813.619384765625,-197.8935546875,stop_loss
2018-07-16,AMBER,SELL,1,958.9165649414062,958.9165649414062,-60.96673583984375,stop_loss
2018-07-16,CONCOR,SELL,3,455.7384338378906,1367.2153015136719,-90.40704345703125,stop_loss
2018-07-16,HFCL,SELL,27,26.86976623535156,725.4836883544921,-70.29363441467305,stop_loss
2018-07-16,ADANIENT,BUY,9,84.4023208618164,759.6208877563477,,
2018-07-16,APOLLOTYRE,BUY,1,237.2138214111328,237.2138214111328,,
2018-07-16,AUROPHARMA,SELL,1,547.2216186523438,547.2216186523438,-4.59478759765625,signal
2018-07-16,BALMLAWRIE,BUY,9,92.62946319580078,833.665168762207,,
2018-07-16,BALRAMCHIN,BUY,25,60.98114776611328,1524.528694152832,,
2018-07-16,BSE,SELL,22,75.94738006591797,1670.8423614501953,-25.429779052734375,signal
2018-07-16,CAPTRUST,BUY,3,403.5408325195313,1210.622497558594,,
2018-07-16,GABRIEL,BUY,5,131.56422424316406,657.8211212158203,,
2018-07-16,LINDEINDIA,BUY,2,423.6112365722656,847.2224731445312,,
2018-07-16,MASFIN,BUY,1,178.16807556152344,178.16807556152344,,
2018-07-16,MIDHANI,BUY,2,126.1155242919922,252.2310485839844,,
2018-07-16,MPHASIS,BUY,1,988.948486328125,988.948486328125,,
2018-07-16,RELIANCE,BUY,2,478.56878662109375,957.1375732421875,,
2018-07-16,SCHAEFFLER,SELL,2,1006.7977294921876,2013.5954589843752,-66.71020507812477,signal
2018-07-16,TATAELXSI,BUY,1,1311.526611328125,1311.526611328125,,
2018-07-16,TRENT,BUY,1,330.93829345703125,330.93829345703125,,
2018-07-17,COLPAL,SELL,2,952.0018920898438,1904.0037841796875,-123.858642578125,stop_loss
2018-07-17,CYIENT,SELL,1,571.6817016601562,571.6817016601562,-36.0477294921875,stop_loss
2018-07-18,VBL,SELL,9,41.4011344909668,372.6102104187012,-19.582305908203125,stop_loss
2018-07-18,MPHASIS,SELL,1,933.4414672851562,933.4414672851562,-55.50701904296875,stop_loss
2018-07-19,BASML,SELL,22,68.21375274658203,1500.7025604248047,-108.05331420898438,stop_loss
2018-07-19,BALRAMCHIN,SELL,25,57.55009460449219,1438.7523651123047,-85.77632904052734,stop_loss
2018-07-20,INDIANB,SELL,1,271.2851257324219,271.2851257324219,-17.246002197265625,stop_loss
2018-07-20,DPWIRES,SELL,17,64.49022674560547,1096.333854675293,-148.15338134765625,stop_loss
2018-07-23,FORTIS,SELL,3,132.01829528808594,396.0548858642578,-26.681854248046875,stop_loss
2018-07-23,BBTC,SELL,1,1422.48583984375,1422.48583984375,-55.4666748046875,signal
2018-07-23,CAPTRUST,SELL,3,408.4249877929688,1225.2749633789065,14.6524658203125,signal
2018-07-23,ELECTHERM,SELL,7,149.6999969482422,1047.8999786376953,46.19993591308594,signal
2018-07-23,EMAMILTD,BUY,3,492.6835632324219,1478.0506896972656,,
2018-07-23,GABRIEL,SELL,5,130.0921630859375,650.4608154296875,-7.3603057861328125,signal
2018-07-23,GSPL,BUY,13,170.21078491210938,2212.740203857422,,
2018-07-23,HINDUNILVR,SELL,2,1499.472412109375,2998.94482421875,217.99609375,signal
2018-07-23,ICICIGI,BUY,2,747.2633056640625,1494.526611328125,,
2018-07-23,IEX,SELL,12,47.27803039550781,567.3363647460938,-2.83502197265625,signal
2018-07-23,IOC,BUY,27,63.505558013916016,1714.6500663757324,,
2018-07-23,KOTAKBANK,SELL,3,266.15399169921875,798.4619750976562,143.95628356933594,signal
2018-07-23,LICHSGFIN,BUY,1,450.8327331542969,450.8327331542969,,
2018-07-23,MASFIN,SELL,1,180.00234985351562,180.00234985351562,1.8342742919921875,signal
2018-07-23,MIDHANI,SELL,2,123.71202087402344,247.42404174804688,-4.807006835937528,signal
2018-07-23,SBIN,BUY,9,245.7655792236328,2211.8902130126953,,
2018-07-23,SUNPHARMA,BUY,3,520.2811889648438,1560.8435668945312,,
2018-07-23,TANLA,SELL,17,34.099403381347656,579.6898574829102,12.43307876586914,signal
2018-07-23,TRENT,SELL,1,322.8461303710937,322.8461303710937,-8.092163085937557,signal
2018-07-26,CROWN,SELL,35,15.01234531402588,525.4320859909059,-33.94353389739984,stop_loss
2018-07-26,VINATIORGA,SELL,1,450.5353393554688,450.5353393554688,-30.641174316406193,stop_loss
2018-07-30,AARTIDRUGS,BUY,13,136.6743927001953,1776.767105102539,,
2018-07-30,ABCAPITAL,BUY,1,147.35000610351562,147.35000610351562,,
2018-07-30,ADANIPORTS,BUY,2,375.0123901367188,750.0247802734376,,
2018-07-30,AGROPHOS,BUY,28,33.84559631347656,947.6766967773438,,
2018-07-30,AMBUJACEM,BUY,3,201.45372009277344,604.3611602783203,,
2018-07-30,AMJLAND,BUY,62,26.11202621459961,1618.9456253051758,,
2018-07-30,ANANTRAJ,BUY,66,16.843692779541016,1111.683723449707,,
2018-07-30,ANDHRSUGAR,BUY,6,60.18461227416992,361.10767364501953,,
2018-07-30,APLLTD,BUY,2,508.4520568847656,1016.9041137695312,,
2018-07-30,ATUL,SELL,1,2667.755859375,2667.755859375,31.412841796875,signal
2018-07-30,BALRAMCHIN,BUY,22,66.47081756591797,1462.3579864501953,,
2018-07-30,BROOKS,BUY,12,67.49003601074219,809.8804321289062,,
2018-07-30,CANFINHOME,BUY,1,344.2812805175781,344.2812805175781,,
2018-07-30,CARBORUNIV,BUY,1,356.0968322753906,356.0968322753906,,
2018-07-30,CASTROLIND,BUY,5,118.80742645263672,594.0371322631836,,
2018-07-30,CDSL,BUY,7,121.48602294921876,850.4021606445314,,
2018-07-30,CESC,BUY,4,61.410919189453125,245.6436767578125,,
2018-07-30,CGPOWER,BUY,2,63.07379150390625,126.1475830078125,,
2018-07-30,CINEVISTA,BUY,66,8.600000381469727,567.600025177002,,
2018-07-30,CONSOFINVT,BUY,2,53.196388244628906,106.39277648925781,,
2018-07-30,DEEPAKNTR,BUY,1,233.76141357421875,233.76141357421875,,
2018-07-30,DELTACORP,BUY,2,232.3716735839844,464.7433471679688,,
2018-07-30,DIGISPICE,BUY,55,14.050402641296388,772.7721452713014,,
2018-07-30,DLINKINDIA,BUY,2,74.46228790283203,148.92457580566406,,
2018-07-30,EDELWEISS,BUY,5,140.88462829589844,704.4231414794922,,
2018-07-30,FMGOETZE,BUY,1,450.0,450.0,,
2018-07-30,GAIL,BUY,7,90.17567443847656,631.2297210693359,,
2018-07-30,GLENMARK,BUY,1,561.6500854492188,561.6500854492188,,
2018-07-30,GRANULES,BUY,4,96.5946807861328,386.3787231445312,,
2018-07-30,ICICIBANK,BUY,1,295.221435546875,295.221435546875,,
2018-07-30,INDIANB,BUY,1,316.798095703125,316.798095703125,,
2018-07-30,JSWSTEEL,BUY,1,302.37701416015625,302.37701416015625,,
2018-07-30,KPRMILL,BUY,1,127.04329681396484,127.04329681396484,,
2018-07-30,LINDEINDIA,SELL,2,415.701904296875,831.40380859375,-15.81866455078125,signal
2018-07-30,MOTHERSON,BUY,4,53.43927764892578,213.75711059570312,,
2018-07-30,ORIENTCEM,BUY,1,118.12105560302734,118.12105560302734,,
2018-07-30,PCBL,BUY,2,95.4249267578125,190.849853515625,,
2018-07-30,PETRONET,BUY,2,160.84429931640625,321.6885986328125,,
2018-07-30,PFC,BUY,5,43.28606414794922,216.4303207397461,,
2018-07-30,PRSMJOHNSN,BUY,1,113.10747528076172,113.10747528076172,,
2018-07-30,RECLTD,BUY,1,46.34999847412109,46.34999847412109,,
2018-07-30,SAIL,BUY,5,64.50635528564453,322.53177642822266,,
2018-07-30,TATAINVEST,BUY,2,71.06297302246094,142.12594604492188,,
2018-07-30,TATASTEEL,BUY,3,45.221588134765625,135.66476440429688,,
2018-07-30,TCS,SELL,1,1613.5238037109375,1613.5238037109375,153.0445556640625,signal
2018-07-30,UCOBANK,BUY,17,19.43988800048828,330.4780960083008,,
2018-07-30,WELCORP,BUY,1,105.14685821533205,105.14685821533205,,
2018-07-30,WELSPUNLIV,BUY,3,52.94610977172852,158.83832931518558,,
2018-07-30,YESBANK,SELL,3,364.3027038574219,1092.9081115722656,77.98031616210938,signal
2018-07-31,CANFINHOME,SELL,1,316.82586669921875,316.82586669921875,-27.455413818359375,stop_loss
2018-07-31,DIGISPICE,SELL,55,12.844758987426758,706.4617443084717,-66.31040096282969,stop_loss
2018-07-31,PRSMJOHNSN,SELL,1,107.37551879882812,107.37551879882812,-5.731956481933594,stop_loss
2018-08-01,ORIENTCEM,SELL,1,110.46163177490234,110.46163177490234,-7.659423828125,stop_loss
2018-08-02,MOTHERSON,SELL,4,50.009883880615234,200.03953552246094,-13.717575073242188,stop_loss
2018-08-03,CINEVISTA,SELL,66,8.100000381469727,534.600025177002,-33.0,stop_loss
2018-08-06,CASTROLIND,SELL,5,111.62371063232422,558.1185531616211,-35.9185791015625,stop_loss
2018-08-06,AARTIIND,BUY,1,306.1123046875,306.1123046875,,
2018-08-06,ABFRL,BUY,4,177.03302001953125,708.132080078125,,
2018-08-06,ALLCARGO,BUY,20,27.025577545166016,540.5115509033203,,
2018-08-06,APOLLOTYRE,SELL,1,246.64761352539065,246.64761352539065,9.433792114257841,signal
2018-08-06,ASIANPAINT,SELL,1,1316.259033203125,1316.259033203125,99.987548828125,signal
2018-08-06,AUROPHARMA,BUY,1,597.8609008789062,597.8609008789062,,
2018-08-06,BHANDARI,BUY,113,2.2519071102142334,254.46550345420837,,
2018-08-06,BHEL,BUY,3,70.46967315673828,211.40901947021484,,
2018-08-06,BURNPUR,BUY,9,31.0,279.0,,
2018-08-06,CGCL,BUY,3,81.04435729980469,243.13307189941406,,
2018-08-06,COMPUSOFT,BUY,41,10.769089698791504,441.53267765045166,,
2018-08-06,CPSEETF,BUY,14,27.61000061035156,386.5400085449218,,
2018-08-06,DIACABS,BUY,7,24.0,168.0,,
2018-08-06,DRREDDY,BUY,1,427.00634765625,427.00634765625,,
2018-08-06,EIDPARRY,BUY,1,219.0429229736328,219.0429229736328,,
2018-08-06,ELECON,BUY,7,33.52564239501953,234.67949676513672,,
2018-08-06,FORTIS,BUY,2,146.92437744140625,293.8487548828125,,
2018-08-06,HDFCLIFE,SELL,1,475.9543151855469,475.9543151855469,10.589813232421875,signal
2018-08-06,IEX,BUY,7,47.89408493041992,335.25859451293945,,
2018-08-06,JMFINANCIL,BUY,2,112.4582061767578,224.9164123535156,,
2018-08-06,JSWENERGY,BUY,3,63.54787826538086,190.64363479614258,,
2018-08-06,MANAPPURAM,BUY,1,96.94410705566406,96.94410705566406,,
2018-08-06,NLCINDIA,BUY,2,55.31480026245117,110.62960052490234,,
2018-08-06,NMDC,BUY,4,16.53728485107422,66.14913940429688,,
2018-08-07,CGPOWER,SELL,2,58.381534576416016,116.76306915283203,-9.384513854980469,stop_loss
2018-08-08,ZENSARTECH,SELL,1,205.0427703857422,205.0427703857422,-13.547821044921903,stop_loss
2018-08-08,KPRMILL,SELL,1,120.5220718383789,120.5220718383789,-6.5212249755859375,stop_loss
2018-08-09,AKZOINDIA,SELL,1,1429.807373046875,1429.807373046875,-79.2529296875,stop_loss
2018-08-09,AMJLAND,SELL,62,24.50367546081543,1519.2278785705566,-99.71774673461914,stop_loss
2018-08-09,CARBORUNIV,SELL,1,338.4364318847656,338.4364318847656,-17.660400390625,stop_loss
2018-08-10,ALLCARGO,SELL,20,25.51274871826172,510.2549743652344,-30.256576538085938,stop_loss
2018-08-13,INDIANB,SELL,1,293.7574462890625,293.7574462890625,-23.0406494140625,stop_loss
2018-08-13,CGCL,SELL,3,75.15106964111328,225.45320892333984,-17.67986297607422,stop_loss
2018-08-13,ABCAPITAL,SELL,1,141.39999389648438,141.39999389648438,-5.95001220703125,signal
2018-08-13,ADANIPORTS,SELL,2,361.913818359375,723.82763671875,-26.197143554687614,signal
2018-08-13,ADVENZYMES,BUY,4,206.4972686767578,825.9890747070312,,
2018-08-13,AMBUJACEM,SELL,3,196.04019165039065,588.120574951172,-16.240585327148352,signal
2018-08-13,ANANTRAJ,SELL,66,16.379179000854492,1081.0258140563965,-30.657909393310547,signal
2018-08-13,ARMANFIN,BUY,2,408.7562255859375,817.512451171875,,
2018-08-13,ASHIANA,BUY,5,140.05014038085938,700.2507019042969,,
2018-08-13,ASHOKLEY,BUY,6,54.69796752929688,328.1878051757813,,
2018-08-13,AUBANK,BUY,2,342.6004943847656,685.2009887695312,,
2018-08-13,AXISBANK,BUY,1,601.6376953125,601.6376953125,,
2018-08-13,BALMLAWRIE,SELL,9,97.55611419677734,878.0050277709961,44.33985900878906,signal
2018-08-13,BALRAMCHIN,SELL,22,65.05264282226562,1431.1581420898438,-31.199844360351562,signal
2018-08-13,BLUESTARCO,BUY,2,328.5455322265625,657.091064453125,,
2018-08-13,COCHINSHIP,BUY,4,182.2612152099609,729.0448608398436,,
2018-08-13,DPWIRES,BUY,6,66.23320770263672,397.3992462158203,,
2018-08-13,EDELWEISS,SELL,5,131.5401153564453,657.7005767822266,-46.722564697265625,signal
2018-08-13,EIDPARRY,SELL,1,206.15802001953125,206.15802001953125,-12.884902954101562,signal
2018-08-13,EIHOTEL,BUY,4,175.63780212402344,702.5512084960938,,
2018-08-13,ELECON,SELL,7,32.01832580566406,224.12828063964844,-10.551216125488281,signal
2018-08-13,ELECTHERM,BUY,4,169.60000610351562,678.4000244140625,,
2018-08-13,ESABINDIA,BUY,1,634.4783325195312,634.4783325195312,,
2018-08-13,ESTER,BUY,11,53.38865661621094,587.2752227783203,,
2018-08-13,FINPIPE,BUY,2,106.1185302734375,212.237060546875,,
2018-08-13,IDFCFIRSTB,BUY,12,44.45449447631836,533.4539337158203,,
2018-08-13,INTELLECT,BUY,2,235.31626892089844,470.6325378417969,,
2018-08-13,MANAPPURAM,SELL,1,91.0149383544922,91.0149383544922,-5.929168701171861,signal
2018-08-13,MASFIN,BUY,2,186.2390594482422,372.4781188964844,,
2018-08-13,MCX,SELL,4,153.21392822265625,612.855712890625,67.10076904296875,signal
2018-08-13,NAUKRI,BUY,1,286.5662536621094,286.5662536621094,,
2018-08-13,NMDC,SELL,4,15.982962608337402,63.93185043334961,-2.2172889709472656,signal
2018-08-13,PETRONET,SELL,2,155.2979278564453,310.5958557128906,-11.092742919921875,signal
2018-08-13,PFC,SELL,5,41.845733642578125,209.22866821289062,-7.201652526855469,signal
2018-08-13,RECLTD,SELL,1,45.373348236083984,45.373348236083984,-0.9766502380371023,signal
2018-08-13,SOBHA,BUY,1,473.0427856445313,473.0427856445313,,
2018-08-13,SRF,BUY,1,364.7497863769531,364.7497863769531,,
2018-08-13,VBL,BUY,9,44.877235412597656,403.8951187133789,,
2018-08-13,WIPRO,BUY,3,96.76634979248048,290.29904937744146,,
2018-08-14,BURNPUR,SELL,9,28.5,256.5,-22.5,stop_loss
2018-08-16,ELECTHERM,SELL,4,157.0,628.0,-50.4000244140625,stop_loss
2018-08-16,ESTER,SELL,11,47.27682113647461,520.0450325012207,-67.23019027709961,stop_loss
2018-08-16,SOBHA,SELL,1,439.6576232910156,439.6576232910156,-33.38516235351568,stop_loss
2018-08-20,ADVENZYMES,SELL,4,199.97976684570312,799.9190673828125,-26.07000732421875,signal
2018-08-20,ALPA,BUY,19,31.14999961853028,591.8499927520753,,
2018-08-20,ARVIND,BUY,4,137.52865600585938,550.1146240234375,,
2018-08-20,BHANDARI,SELL,113,2.111161947250366,238.56130003929138,-15.904203414916992,signal
2018-08-20,CHAMBLFERT,BUY,2,124.54145050048828,249.08290100097656,,
2018-08-20,CHOLAFIN,BUY,1,286.8045959472656,286.8045959472656,,
2018-08-20,CIGNITITEC,SELL,1,384.7442932128906,384.7442932128906,130.01162719726562,signal
2018-08-20,COCHINSHIP,SELL,4,174.15850830078125,696.634033203125,-32.410827636718636,signal
2018-08-20,DISHTV,BUY,3,70.12786102294922,210.38358306884766,,
2018-08-20,DLF,BUY,2,202.2013397216797,404.4026794433594,,
2018-08-20,EMAMILTD,SELL,3,490.46728515625,1471.40185546875,-6.648834228515625,signal
2018-08-20,FCSSOFT,BUY,2401,0.25,600.25,,
2018-08-20,FOCUS,BUY,54,10.298523902893066,556.1202907562256,,
2018-08-20,GSPL,SELL,13,175.56272888183594,2282.315475463867,69.57527160644531,signal
2018-08-20,HCLTECH,BUY,2,385.7121276855469,771.4242553710938,,
2018-08-20,HFCL,BUY,27,25.69083976745605,693.6526737213134,,
2018-08-20,KPRMILL,BUY,4,130.13319396972656,520.5327758789062,,
2018-08-20,LALPATHLAB,BUY,1,490.2008056640625,490.2008056640625,,
2018-08-20,MIDHANI,BUY,3,137.18069458007812,411.5420837402344,,
2018-08-20,MOTHERSON,BUY,9,52.549278259277344,472.9435043334961,,
2018-08-20,PCBL,SELL,2,99.83214569091795,199.6642913818359,8.814437866210909,signal
2018-08-20,RAIN,BUY,2,205.9347076416016,411.8694152832032,,
2018-08-20,SJVN,BUY,11,19.660886764526367,216.26975440979004,,
2018-08-20,TANLA,BUY,10,38.533233642578125,385.33233642578125,,
2018-08-20,TATACONSUM,BUY,1,231.63262939453125,231.63262939453125,,
2018-08-20,WELSPUNLIV,SELL,3,60.25391006469727,180.76173019409183,21.92340087890625,signal
2018-08-20,ZENSARTECH,BUY,1,263.05548095703125,263.05548095703125,,
2018-08-27,AIAENG,SELL,1,1653.4681396484375,1653.4681396484375,250.3253173828125,signal
2018-08-27,AMBUJACEM,BUY,2,214.4993896484375,428.998779296875,,
2018-08-27,ANANTRAJ,BUY,24,18.15645217895508,435.754852294922,,
2018-08-27,BHAGERIA,BUY,3,135.6094207763672,406.82826232910156,,
2018-08-27,BHANDARI,BUY,157,2.345736503601074,368.28063106536865,,
2018-08-27,BVCL,BUY,3,20.350000381469727,61.05000114440918,,
2018-08-27,CGCL,BUY,3,97.30979919433594,291.9293975830078,,
2018-08-27,DEEPAKNTR,SELL,1,258.5535583496094,258.5535583496094,24.792144775390625,signal
2018-08-27,EIHOTEL,SELL,4,166.9185333251953,667.6741333007812,-34.8770751953125,signal
2018-08-27,ELECTHERM,BUY,1,205.25,205.25,,
2018-08-27,GRAPHITE,SELL,4,811.7925415039062,3247.170166015625,443.203369140625,signal
2018-08-27,ICICIGI,SELL,2,742.87353515625,1485.7470703125,-8.779541015625,signal
2018-08-27,INTELLECT,SELL,2,233.3495635986328,466.6991271972656,-3.93341064453125,signal
2018-08-27,KEC,BUY,2,293.2040710449219,586.4081420898438,,
2018-08-27,NTPC,BUY,8,101.5241241455078,812.1929931640624,,
2018-08-27,ONGC,BUY,6,111.45418548583984,668.7251129150391,,
2018-08-27,PETRONET,BUY,4,164.70567321777344,658.8226928710938,,
2018-08-27,PIDILITIND,BUY,1,560.48486328125,560.48486328125,,
2018-08-27,RADICO,BUY,1,429.0689392089844,429.0689392089844,,
2018-08-27,RAIN,SELL,2,193.44810485839844,386.8962097167969,-24.973205566406307,signal
2018-08-27,SYNGENE,BUY,1,296.4097900390625,296.4097900390625,,
2018-08-27,TATAPOWER,BUY,2,69.02189636230469,138.04379272460938,,
2018-08-27,TRENT,BUY,1,369.4725341796875,369.4725341796875,,
2018-08-27,UPL,BUY,1,409.8244934082031,409.8244934082031,,
2018-08-27,VAIBHAVGBL,BUY,3,119.07616424560548,357.22849273681646,,
2018-08-27,ZYDUSLIFE,BUY,1,371.6463623046875,371.6463623046875,,
2018-08-28,FCSSOFT,SELL,2401,0.2000000029802322,480.20000715553755,-120.04999284446247,stop_loss
2018-08-29,TANLA,SELL,10,35.74494934082031,357.4494934082031,-27.882843017578125,stop_loss
2018-08-30,BROOKS,SELL,12,62.65455627441406,751.8546752929688,-58.0257568359375,stop_loss
2018-08-30,FOCUS,SELL,54,9.48513889312744,512.1975002288817,-43.92279052734385,stop_loss
2018-08-30,ELECTHERM,SELL,1,186.8000030517578,186.8000030517578,-18.449996948242188,stop_loss
2018-09-03,ADFFOODS,BUY,11,51.48438262939453,566.3282089233398,,
2018-09-03,ALPA,SELL,19,30.950000762939453,588.0500144958496,-3.799978256225721,signal
2018-09-03,AMJLAND,BUY,24,24.59828186035156,590.3587646484374,,
2018-09-03,ASAHIINDIA,BUY,1,335.60650634765625,335.60650634765625,,
2018-09-03,BAJAJFINSV,SELL,3,663.207763671875,1989.623291015625,157.96435546875,signal
2018-09-03,BAJFINANCE,SELL,7,265.76025390625,1860.32177734375,620.4854431152344,signal
2018-09-03,BALMLAWRIE,BUY,8,102.03889465332033,816.3111572265626,,
2018-09-03,BALRAMCHIN,BUY,11,69.99334716796875,769.9268188476562,,
2018-09-03,BHARATFORG,BUY,1,634.5093994140625,634.5093994140625,,
2018-09-03,BLKASHYAP,BUY,7,35.900001525878906,251.30001068115234,,
2018-09-03,BRITANNIA,SELL,4,2916.075927734375,11664.3037109375,3067.46484375,signal
2018-09-03,CARBORUNIV,BUY,4,362.2563781738281,1449.0255126953125,,
2018-09-03,CIGNITITEC,BUY,4,390.13287353515625,1560.531494140625,,
2018-09-03,COFFEEDAY,BUY,4,269.1499938964844,1076.5999755859375,,
2018-09-03,CROMPTON,SELL,3,236.3257293701172,708.9771881103516,65.87974548339835,signal
2018-09-03,DECCANCE,BUY,3,402.1713562011719,1206.5140686035156,,
2018-09-03,DIACABS,SELL,7,30.0,210.0,42.0,signal
2018-09-03,DIVISLAB,BUY,1,1226.28076171875,1226.28076171875,,
2018-09-03,EMAMILTD,BUY,2,502.8953247070313,1005.7906494140626,,
2018-09-03,ENGINERSIN,BUY,10,104.24403381347656,1042.4403381347656,,
2018-09-03,EXIDEIND,SELL,3,262.9421081542969,788.8263244628906,62.234619140625,signal
2018-09-03,GODFRYPHLP,BUY,4,254.49636840820312,1017.9854736328125,,
2018-09-03,INDHOTEL,BUY,6,129.20164489746094,775.2098693847656,,
2018-09-03,INDUSINDBK,SELL,1,1822.307861328125,1822.307861328125,-12.50244140625,signal
2018-09-03,INTELLECT,BUY,4,259.5067443847656,1038.0269775390625,,
2018-09-03,JSL,BUY,8,66.3241195678711,530.5929565429688,,
2018-09-03,LICHSGFIN,SELL,1,455.1197814941406,455.1197814941406,4.28704833984375,signal
2018-09-03,LUPIN,BUY,1,899.7583618164062,899.7583618164062,,
2018-09-03,MARICO,SELL,2,322.0592346191406,644.1184692382812,23.99835205078125,signal
2018-09-03,NATCOPHARM,BUY,1,744.3587646484375,744.3587646484375,,
2018-09-03,NAVINFLUOR,BUY,1,665.8998413085938,665.8998413085938,,
2018-09-03,NMDC,BUY,47,17.40726089477539,818.1412620544434,,
2018-09-03,OIL,BUY,8,93.0146026611328,744.1168212890624,,
2018-09-03,PERSISTENT,SELL,1,386.3797912597656,386.3797912597656,12.8173828125,signal
2018-09-03,POONAWALLA,BUY,3,144.40408325195312,433.2122497558594,,
2018-09-03,PSB,BUY,21,31.24518394470215,656.1488628387451,,
2018-09-03,SJVN,SELL,11,19.195934295654297,211.15527725219727,-5.114477157592773,signal
2018-09-03,STYRENIX,BUY,1,515.3458251953125,515.3458251953125,,
2018-09-03,TTKPRESTIG,BUY,1,560.715087890625,560.715087890625,,
2018-09-03,WELSPUNLIV,BUY,7,70.24907684326172,491.74353790283203,,
2018-09-04,JMFINANCIL,SELL,2,102.8264617919922,205.6529235839844,-19.263488769531193,stop_loss
2018-09-04,MOTHERSON,SELL,9,48.304046630859375,434.7364196777344,-38.20708465576172,stop_loss
2018-09-04,TATACONSUM,SELL,1,211.3653717041016,211.3653717041016,-20.26725769042966,stop_loss
2018-09-05,AMBUJACEM,SELL,2,198.08135986328125,396.1627197265625,-32.8360595703125,stop_loss
2018-09-05,ENGINERSIN,SELL,10,95.91525268554688,959.1525268554688,-83.28781127929688,stop_loss
2018-09-05,JSL,SELL,8,61.45674896240234,491.6539916992187,-38.93896484375006,stop_loss
2018-09-06,PSB,SELL,21,28.944929122924805,607.8435115814209,-48.30535125732422,stop_loss
2018-09-07,MIDHANI,SELL,3,127.33993530273438,382.0198059082031,-29.52227783203125,stop_loss
2018-09-10,ADVENZYMES,BUY,4,202.6333923339844,810.5335693359376,,
2018-09-10,AUBANK,SELL,2,337.95391845703125,675.9078369140625,-9.29315185546875,signal
2018-09-10,AXISCADES,BUY,6,107.1500015258789,642.9000091552734,,
2018-09-10,BALMLAWRIE,SELL,8,96.1457748413086,769.1661987304688,-47.144958496093864,signal
2018-09-10,BBL,BUY,1,681.4152221679688,681.4152221679688,,
2018-09-10,BERGEPAINT,SELL,14,241.672592163086,3383.416290283204,192.26629638671955,signal
2018-09-10,BHEL,SELL,3,73.00489807128906,219.0146942138672,7.605674743652344,signal
2018-09-10,BVCL,SELL,3,19.049999237060547,57.14999771118164,-3.900003433227539,signal
2018-09-10,CHAMBLFERT,SELL,2,133.38499450683594,266.7699890136719,17.687088012695312,signal
2018-09-10,CHOLAFIN,SELL,1,271.34771728515625,271.34771728515625,-15.456878662109375,signal
2018-09-10,CYIENT,BUY,1,658.9119262695312,658.9119262695312,,
2018-09-10,DABUR,SELL,1,419.7233581542969,419.7233581542969,91.52835083007812,signal
2018-09-10,DISHTV,SELL,3,67.01437377929688,201.04312133789062,-9.340461730957031,signal
2018-09-10,ELGIEQUIP,SELL,8,137.5023651123047,1100.0189208984375,28.694091796875,signal
2018-09-10,ESTER,BUY,26,47.95092010498047,1246.7239227294922,,
2018-09-10,FCSSOFT,BUY,4701,0.25,1175.25,,
2018-09-10,FINPIPE,SELL,2,101.8131332397461,203.6262664794922,-8.610794067382812,signal
2018-09-10,FLEXITUFF,BUY,21,38.09999847412109,800.0999679565429,,
2018-09-10,GODREJCP,SELL,8,813.6563720703125,6509.2509765625,1021.64501953125,signal
2018-09-10,HAVELLS,SELL,1,612.2777099609375,612.2777099609375,83.96319580078125,signal
2018-09-10,ICICIGI,BUY,1,872.3717651367188,872.3717651367188,,
2018-09-10,IDFCFIRSTB,SELL,12,44.65384292602539,535.8461151123047,2.392181396484375,signal
2018-09-10,INDHOTEL,SELL,6,122.99506378173828,737.9703826904297,-37.23948669433594,signal
2018-09-10,JUBLFOOD,SELL,1,272.7563781738281,272.7563781738281,8.164764404296875,signal
2018-09-10,KEC,SELL,2,275.541748046875,551.08349609375,-35.32464599609375,signal
2018-09-10,LALPATHLAB,SELL,1,470.96099853515625,470.96099853515625,-19.23980712890625,signal
2018-09-10,MFSL,BUY,3,504.6499938964844,1513.9499816894531,,
2018-09-10,MUTHOOTFIN,BUY,4,396.7153015136719,1586.8612060546875,,
2018-09-10,M_M,SELL,1,878.161376953125,878.161376953125,28.30902099609375,signal
2018-09-10,NESTLEIND,SELL,1,468.271484375,468.271484375,94.009765625,signal
2018-09-10,NLCINDIA,SELL,2,51.67658996582031,103.35317993164062,-7.276420593261719,signal
2018-09-10,OIL,SELL,8,89.76557159423828,718.1245727539062,-25.992248535156136,signal
2018-09-10,ONGC,SELL,6,106.7693862915039,640.6163177490234,-28.108795166015625,signal
2018-09-10,PCBL,BUY,20,91.6195831298828,1832.391662597656,,
2018-09-10,PERSISTENT,BUY,4,408.4645385742188,1633.8581542968752,,
2018-09-10,POONAWALLA,SELL,3,135.34518432617188,406.0355529785156,-27.17669677734375,signal
2018-09-10,RAJESHEXPO,BUY,2,672.317626953125,1344.63525390625,,
2018-09-10,SBIN,SELL,9,262.8358459472656,2365.5226135253906,153.6324005126953,signal
2018-09-10,SUBROS,BUY,4,329.475830078125,1317.9033203125,,
2018-09-10,SUNDRMFAST,SELL,1,586.751953125,586.751953125,-1.22430419921875,signal
2018-09-10,TATAELXSI,SELL,1,1246.068359375,1246.068359375,-65.458251953125,signal
2018-09-10,TATAINVEST,SELL,2,68.95149230957031,137.90298461914062,-4.22296142578125,signal
2018-09-10,TATAPOWER,SELL,2,67.3785171508789,134.7570343017578,-3.2867584228515625,signal
2018-09-10,TECHM,BUY,2,593.055419921875,1186.11083984375,,
2018-09-10,TVSMOTOR,BUY,2,564.2158203125,1128.431640625,,
2018-09-10,UCOBANK,SELL,17,19.29261589050293,327.9744701385498,-2.5036258697509766,signal
2018-09-10,VBL,SELL,9,44.97568130493164,404.78113174438477,0.8860130310058594,signal
2018-09-10,VIPIND,SELL,1,544.299072265625,544.299072265625,168.9323120117187,signal
2018-09-11,DLF,SELL,2,187.1903381347656,374.3806762695312,-30.022003173828182,stop_loss
2018-09-11,HFCL,SELL,27,23.382099151611328,631.3166770935059,-62.33599662780752,stop_loss
2018-09-11,FCSSOFT,SELL,4701,0.2000000029802322,940.2000140100716,-235.0499859899284,stop_loss
2018-09-11,MFSL,SELL,3,469.1000061035156,1407.3000183105469,-106.64996337890625,stop_loss
2018-09-12,IOC,SELL,27,59.00847244262695,1593.2287559509277,-121.42131042480469,stop_loss
2018-09-14,CYIENT,SELL,1,610.8162231445312,610.8162231445312,-48.095703125,stop_loss
2018-09-17,ACC,BUY,1,1481.3055419921875,1481.3055419921875,,
2018-09-17,ADFFOODS,SELL,11,49.09416580200195,540.0358238220215,-26.29238510131836,signal
2018-09-17,ADVENZYMES,SELL,4,195.9604339599609,783.8417358398436,-26.691833496093977,signal
2018-09-17,AIAENG,BUY,1,1693.4317626953125,1693.4317626953125,,
2018-09-17,BAJAJFINSV,BUY,3,652.9448852539062,1958.8346557617188,,
2018-09-17,BAJAJHIND,BUY,175,10.199999809265137,1784.999966621399,,
2018-09-17,BBL,SELL,1,667.49169921875,667.49169921875,-13.92352294921875,signal
2018-09-17,BLKASHYAP,SELL,7,35.29999923706055,247.09999465942383,-4.200016021728516,signal
2018-09-17,BURNPUR,BUY,68,25.0,1700.0,,
2018-09-17,DEEPAKNTR,BUY,5,258.5535583496094,1292.7677917480469,,
2018-09-17,DIGISPICE,BUY,114,12.28830623626709,1400.8669109344482,,
2018-09-17,DLF,BUY,6,201.4587860107422,1208.7527160644531,,
2018-09-17,EDELWEISS,BUY,4,123.53714752197266,494.1485900878906,,
2018-09-17,EIDPARRY,BUY,4,220.589096069336,882.356384277344,,
2018-09-17,HDFCBANK,SELL,1,467.7857971191406,467.7857971191406,-24.1265869140625,signal
2018-09-17,IEX,SELL,7,51.52575302124024,360.6802711486817,25.421676635742237,signal
2018-09-17,LINDEINDIA,BUY,2,419.6808776855469,839.3617553710938,,
2018-09-17,MASFIN,SELL,2,180.3532867431641,360.7065734863282,-11.771545410156193,signal
2018-09-17,MCX,BUY,7,148.5985107421875,1040.1895751953125,,
2018-09-17,OBEROIRLTY,BUY,1,458.4875183105469,458.4875183105469,,
2018-09-17,PIDILITIND,SELL,1,536.3619384765625,536.3619384765625,-24.1229248046875,signal
2018-09-17,POWERGRID,BUY,12,75.91425323486328,910.9710388183594,,
2018-09-17,RADICO,SELL,1,400.202880859375,400.202880859375,-28.866058349609375,signal
2018-09-17,SUZLON,BUY,118,7.024335861206055,828.8716316223145,,
2018-09-17,TANLA,BUY,21,37.43620300292969,786.1602630615234,,
2018-09-17,TATACONSUM,BUY,1,223.55409240722656,223.55409240722656,,
2018-09-17,VBL,BUY,15,46.89181137084961,703.3771705627441,,
2018-09-17,WELSPUNLIV,SELL,7,67.09021759033203,469.6315231323242,-22.112014770507812,signal
2018-09-19,EMAMILTD,SELL,2,458.658935546875,917.31787109375,-88.47277832031261,stop_loss
2018-09-19,AXISCADES,SELL,6,99.1999969482422,595.1999816894532,-47.70002746582023,stop_loss
2018-09-19,EDELWEISS,SELL,4,112.89735412597656,451.58941650390625,-42.559173583984375,stop_loss
2018-09-19,TANLA,SELL,21,34.4650764465332,723.7666053771973,-62.39365768432617,stop_loss
2018-09-21,KANSAINER,SELL,2,275.9483947753906,551.8967895507812,-62.003173828125,stop_loss
2018-09-21,AGROPHOS,SELL,28,29.35538101196289,821.9506683349609,-125.72602844238281,stop_loss
2018-09-21,DELTACORP,SELL,2,214.5478363037109,429.0956726074218,-35.64767456054699,stop_loss
2018-09-21,FORTIS,SELL,2,136.39073181152344,272.7814636230469,-21.067291259765625,stop_loss
2018-09-21,ARVIND,SELL,4,125.0419692993164,500.1678771972656,-49.946746826171875,stop_loss
2018-09-21,BHAGERIA,SELL,3,125.99557495117188,377.9867248535156,-28.841537475585938,stop_loss
2018-09-21,BHANDARI,SELL,157,2.1651058197021484,339.9216136932373,-28.359017372131348,stop_loss
2018-09-21,AMJLAND,SELL,24,22.280366897583008,534.7288055419922,-55.62995910644523,stop_loss
2018-09-21,INTELLECT,SELL,4,239.4955291748047,957.9821166992188,-80.04486083984375,stop_loss
2018-09-21,ESTER,SELL,26,43.7265739440918,1136.8909225463867,-109.83300018310547,stop_loss
2018-09-21,PERSISTENT,SELL,4,374.5643615722656,1498.2574462890625,-135.60070800781273,stop_loss
2018-09-21,BURNPUR,SELL,68,22.75,1547.0,-153.0,stop_loss
2018-09-21,MCX,SELL,7,138.06881713867188,966.4817199707031,-73.70785522460938,stop_loss
2018-09-21,OBEROIRLTY,SELL,1,421.1823425292969,421.1823425292969,-37.30517578125,stop_loss
2018-09-21,SUZLON,SELL,118,6.197944164276123,731.3574113845825,-97.51422023773193,stop_loss
2018-09-24,COMPUSOFT,SELL,41,9.936302185058594,407.38838958740234,-34.144288063049316,stop_loss
2018-09-24,ARMANFIN,SELL,2,356.20318603515625,712.4063720703125,-105.1060791015625,stop_loss
2018-09-24,BLUESTARCO,SELL,2,293.9617919921875,587.923583984375,-69.16748046875,stop_loss
2018-09-24,ZENSARTECH,SELL,1,239.6138153076172,239.6138153076172,-23.441665649414062,stop_loss
2018-09-24,ANANTRAJ,SELL,24,16.52909278869629,396.69822692871094,-39.05662536621102,stop_loss
2018-09-24,BHARATFORG,SELL,1,576.3570556640625,576.3570556640625,-58.15234375,stop_loss
2018-09-24,DECCANCE,SELL,3,369.2569885253906,1107.7709655761719,-98.74310302734375,stop_loss
2018-09-24,GODFRYPHLP,SELL,4,226.57342529296875,906.293701171875,-111.6917724609375,stop_loss
2018-09-24,LUPIN,SELL,1,827.3336791992188,827.3336791992188,-72.4246826171875,stop_loss
2018-09-24,STYRENIX,SELL,1,467.1576232910156,467.1576232910156,-48.188201904296875,stop_loss
2018-09-24,TTKPRESTIG,SELL,1,511.1040344238281,511.1040344238281,-49.611053466796875,stop_loss
2018-09-24,ICICIGI,SELL,1,776.9420776367188,776.9420776367188,-95.4296875,stop_loss
2018-09-24,PCBL,SELL,20,84.5330810546875,1690.66162109375,-141.73004150390597,stop_loss
2018-09-24,BAJAJFINSV,SELL,3,604.8658447265625,1814.5975341796875,-144.23712158203125,stop_loss
2018-09-24,BAJAJHIND,SELL,175,9.399999618530272,1644.9999332427976,-140.0000333786014,stop_loss
2018-09-24,DIGISPICE,SELL,114,10.804434776306152,1231.7055644989014,-169.16134643554688,stop_loss
2018-09-24,DLF,SELL,6,174.9062957763672,1049.4377746582031,-159.31494140625,stop_loss
2018-09-24,EIDPARRY,SELL,4,201.1446533203125,804.57861328125,-77.77777099609398,stop_loss
2018-09-24,AARTIDRUGS,SELL,13,141.16995239257812,1835.2093811035156,58.44227600097656,signal
2018-09-24,ADANIENT,SELL,9,132.83755493164062,1195.5379943847656,435.91710662841797,signal
2018-09-24,ANDHRSUGAR,SELL,6,58.70970916748047,352.2582550048828,-8.849418640136719,signal
2018-09-24,ASHIANA,SELL,5,137.48793029785156,687.4396514892578,-12.811050415039062,signal
2018-09-24,ASHOKLEY,SELL,6,52.453399658203125,314.72039794921875,-13.467407226562543,signal
2018-09-24,ASTRAL,SELL,3,450.1961975097656,1350.5885925292969,23.300994873046875,signal
2018-09-24,AUROPHARMA,SELL,1,700.0970458984375,700.0970458984375,102.23614501953125,signal
2018-09-24,AXISBANK,SELL,1,594.1283569335938,594.1283569335938,-7.50933837890625,signal
2018-09-24,BAJAJCON,BUY,11,386.2721557617188,4248.993713378907,,
2018-09-24,BALRAMCHIN,SELL,11,70.35933685302734,773.9527053833008,4.025886535644531,signal
2018-09-24,BANDHANBNK,SELL,4,530.3771362304688,2121.508544921875,-35.697021484375,signal
2018-09-24,BATAINDIA,SELL,2,906.025390625,1812.05078125,368.1314697265625,signal
2018-09-24,BSOFT,SELL,8,153.70327758789062,1229.626220703125,224.99688720703125,signal
2018-09-24,CESC,SELL,4,58.09824752807617,232.3929901123047,-13.250686645507812,signal
2018-09-24,CGCL,SELL,3,98.8184814453125,296.4554443359375,4.5260467529296875,signal
2018-09-24,CIPLA,SELL,1,611.8472290039062,611.8472290039062,82.93389892578125,signal
2018-09-24,COFORGE,SELL,5,226.2137756347656,1131.068878173828,158.7594604492186,signal
2018-09-24,ESABINDIA,SELL,1,605.4596557617188,605.4596557617188,-29.0186767578125,signal
2018-09-24,FCSSOFT,BUY,19172,0.25,4793.0,,
2018-09-24,FLEXITUFF,SELL,21,39.5,829.5,29.40003204345718,signal
2018-09-24,FOCUS,BUY,473,9.275232315063477,4387.184885025024,,
2018-09-24,GLENMARK,SELL,1,612.093017578125,612.093017578125,50.44293212890625,signal
2018-09-24,GRANULES,SELL,4,99.89196014404295,399.5678405761718,13.189117431640625,signal
2018-09-24,INFY,SELL,1,591.2820434570312,591.2820434570312,103.378662109375,signal
2018-09-24,IPCALAB,SELL,9,350.471923828125,3154.247314453125,124.00048828125,signal
2018-09-24,JSWENERGY,SELL,3,60.23030853271485,180.69092559814456,-9.952709197998026,signal
2018-09-24,LINDEINDIA,SELL,2,405.7546081542969,811.5092163085938,-27.8525390625,signal
2018-09-24,MUTHOOTFIN,SELL,4,377.63873291015625,1510.554931640625,-76.3062744140625,signal
2018-09-24,NATCOPHARM,SELL,1,713.5985717773438,713.5985717773438,-30.76019287109375,signal
2018-09-24,NAVINFLUOR,SELL,1,657.1862182617188,657.1862182617188,-8.713623046875,signal
2018-09-24,NMDC,SELL,47,17.322572708129883,814.1609172821045,-3.980344772338867,signal
2018-09-24,NTPC,SELL,8,104.07445526123048,832.5956420898439,20.402648925781477,signal
2018-09-24,OIL,BUY,51,96.67459106445312,4930.404144287109,,
2018-09-24,ONGC,BUY,38,115.2292251586914,4378.710556030273,,
2018-09-24,SRF,SELL,1,370.7742004394531,370.7742004394531,6.0244140625,signal
2018-09-24,SUNPHARMA,SELL,3,579.6787109375,1739.0361328125,178.19256591796875,signal
2018-09-24,TCS,BUY,2,1824.1549072265625,3648.309814453125,,
2018-09-24,UBL,BUY,3,1282.984130859375,3848.952392578125,,
2018-09-24,UPL,SELL,1,404.7296752929688,404.7296752929688,-5.094818115234318,signal
2018-09-24,VBL,SELL,15,44.53504943847656,668.0257415771484,-35.3514289855957,signal
2018-09-24,WELCORP,SELL,1,133.11695861816406,133.11695861816406,27.970100402832017,signal
2018-09-24,ZYDUSLIFE,SELL,1,361.2329711914063,361.2329711914063,-10.413391113281193,signal
2018-09-25,DLINKINDIA,SELL,2,68.48136901855469,136.96273803710938,-11.961837768554688,stop_loss
2018-09-26,AARTIIND,SELL,1,283.5636291503906,283.5636291503906,-22.548675537109375,stop_loss
2018-09-26,TRENT,SELL,1,342.0950012207031,342.0950012207031,-27.377532958984375,stop_loss
2018-09-26,FCSSOFT,SELL,19172,0.2000000029802322,3834.400057137012,-958.5999428629881,stop_loss
2018-09-27,CDSL,SELL,7,109.82103729248048,768.7472610473634,-81.65489959716797,stop_loss
2018-09-27,FMGOETZE,SELL,1,413.5,413.5,-36.5,stop_loss
2018-09-27,BAJAJCON,SELL,11,358.7746887207031,3946.5215759277344,-302.4721374511725,stop_loss
2018-09-28,SAIL,SELL,5,57.02796173095703,285.13980865478516,-37.3919677734375,stop_loss
2018-09-28,KPRMILL,SELL,4,117.2301254272461,468.9205017089844,-51.612274169921875,stop_loss
2018-09-28,VAIBHAVGBL,SELL,3,103.0654754638672,309.1964263916016,-48.032066345214844,stop_loss
2018-09-28,ASAHIINDIA,SELL,1,309.5205993652344,309.5205993652344,-26.085906982421875,stop_loss
2018-09-28,CIGNITITEC,SELL,4,353.2456359863281,1412.9825439453125,-147.5489501953125,stop_loss
2018-09-28,SUBROS,SELL,4,301.0171203613281,1204.0684814453125,-113.8348388671875,stop_loss
2018-09-28,FOCUS,SELL,473,8.373291969299316,3960.5671014785767,-426.61778354644775,stop_loss
2018-10-01,AGROPHOS,BUY,165,32.885765075683594,5426.151237487793,,
2018-10-01,BAYERCROP,BUY,1,3760.453857421875,3760.453857421875,,
2018-10-01,COFFEEDAY,SELL,4,272.95001220703125,1091.800048828125,15.2000732421875,signal
2018-10-01,CYIENT,BUY,7,625.285888671875,4377.001220703125,,
2018-10-01,INDHOTEL,BUY,34,121.8579559326172,4143.170501708985,,
2018-10-01,INFY,BUY,6,614.6615600585938,3687.9693603515625,,
2018-10-01,LTTS,BUY,2,1582.242919921875,3164.48583984375,,
2018-10-01,NAUKRI,SELL,1,277.39990234375,277.39990234375,-9.166351318359375,signal
2018-10-01,POWERGRID,SELL,12,72.3422622680664,868.1071472167969,-42.8638916015625,signal
2018-10-01,RAJESHEXPO,SELL,2,650.894775390625,1301.78955078125,-42.845703125,signal
2018-10-01,RITES,BUY,47,69.69949340820312,3275.876190185547,,
2018-10-01,SYNGENE,SELL,1,296.1371765136719,296.1371765136719,-0.272613525390625,signal
2018-10-01,ZENSARTECH,BUY,10,287.59930419921875,2875.9930419921875,,
2018-10-03,TVSMOTOR,SELL,2,515.61767578125,1031.2353515625,-97.1962890625,stop_loss
2018-10-04,DPWIRES,SELL,6,59.26129531860352,355.56777191162115,-41.831474304199176,stop_loss
2018-10-04,TATACONSUM,SELL,1,206.16864013671875,206.16864013671875,-17.385452270507812,stop_loss
2018-10-04,ZENSARTECH,SELL,10,265.6900329589844,2656.9003295898438,-219.09271240234375,stop_loss
2018-10-05,GAIL,SELL,7,79.578125,557.046875,-74.18284606933594,stop_loss
2018-10-05,CPSEETF,SELL,14,23.690000534057617,331.66000747680664,-54.880001068115185,stop_loss
2018-10-05,PETRONET,SELL,4,152.90719604492188,611.6287841796875,-47.19390869140625,stop_loss
2018-10-05,CARBORUNIV,SELL,4,320.29473876953125,1281.178955078125,-167.8465576171875,stop_loss
2018-10-05,OIL,SELL,51,82.46683502197266,4205.8085861206055,-724.5955581665039,stop_loss
2018-10-05,ONGC,SELL,38,93.82315063476562,3565.2797241210938,-813.4308319091797,stop_loss
2018-10-05,UBL,SELL,3,1105.9283447265625,3317.7850341796875,-531.1673583984375,stop_loss
2018-10-05,LTTS,SELL,2,1423.80712890625,2847.6142578125,-316.87158203125,stop_loss
2018-10-05,RITES,SELL,47,64.35320281982422,3024.6005325317383,-251.2756576538086,stop_loss
2018-10-08,TECHM,SELL,2,537.8325805664062,1075.6651611328125,-110.4456787109375,stop_loss
2018-10-08,ACC,SELL,1,1376.655029296875,1376.655029296875,-104.6505126953125,stop_loss
2018-10-08,AIAENG,SELL,1,1518.6739501953125,1518.6739501953125,-174.7578125,stop_loss
2018-10-08,TCS,SELL,2,1723.8380126953125,3447.676025390625,-200.6337890625,stop_loss
2018-10-08,CYIENT,SELL,7,587.3026123046875,4111.1182861328125,-265.8829345703125,stop_loss
2018-10-08,INDHOTEL,SELL,34,112.61911010742188,3829.0497436523438,-314.1207580566411,stop_loss
2018-10-08,ITC,SELL,1,195.07278442382807,195.07278442382807,8.976943969726477,circuit_breaker
2018-10-08,COALINDIA,SELL,11,139.7699737548828,1537.469711303711,-18.651458740234375,circuit_breaker
2018-10-08,RELIANCE,SELL,2,493.332275390625,986.66455078125,29.5269775390625,circuit_breaker
2018-10-08,APLLTD,SELL,2,506.0329895019531,1012.0659790039062,-4.838134765625,circuit_breaker
2018-10-08,CONSOFINVT,SELL,2,50.71057891845703,101.42115783691406,-4.97161865234375,circuit_breaker
2018-10-08,ICICIBANK,SELL,1,299.9175109863281,299.9175109863281,4.696075439453125,circuit_breaker
2018-10-08,JSWSTEEL,SELL,1,347.0164794921875,347.0164794921875,44.63946533203125,circuit_breaker
2018-10-08,TATASTEEL,SELL,3,45.77765655517578,137.33296966552734,1.6682052612304688,circuit_breaker
2018-10-08,ABFRL,SELL,4,174.76589965820312,699.0635986328125,-9.0684814453125,circuit_breaker
2018-10-08,DRREDDY,SELL,1,447.2062072753906,447.2062072753906,20.199859619140625,circuit_breaker
2018-10-08,WIPRO,SELL,3,109.00591278076172,327.01773834228516,36.71868896484371,circuit_breaker
2018-10-08,HCLTECH,SELL,2,418.4386596679688,836.8773193359376,65.45306396484386,circuit_breaker
2018-10-08,DIVISLAB,SELL,1,1217.0867919921875,1217.0867919921875,-9.1939697265625,circuit_breaker
2018-10-08,DEEPAKNTR,SELL,5,249.12960815429688,1245.6480407714844,-47.1197509765625,circuit_breaker
2018-10-08,AGROPHOS,SELL,165,32.64395904541016,5386.253242492677,-39.897994995116015,circuit_breaker
2018-10-08,BAYERCROP,SELL,1,3661.928466796875,3661.928466796875,-98.525390625,circuit_breaker
2018-10-08,INFY,SELL,6,588.1538696289062,3528.9232177734375,-159.046142578125,circuit_breaker
